max_temp (),max_pressure (),max_level (),max_speed (),max_conc (),max_util (),product_type (),quality ()
10.21,22.47,35.73,50.73,18.19,67.15,6.00,10.15
0.68,0.00,0.00,0.00,0.00,15.74,1.00,10.15
19.69,21.06,39.42,59.58,34.31,69.89,6.00,10.15
0.58,0.00,0.00,0.00,0.00,16.59,1.00,11.09
19.45,22.30,42.27,64.77,33.59,69.15,6.00,11.09
0.47,0.16,0.00,0.00,0.00,16.52,1.00,9.90
19.86,21.63,42.16,64.60,36.47,71.45,6.00,9.90
0.37,0.00,0.00,0.00,0.00,15.35,1.00,9.61
19.76,23.50,43.34,65.02,34.59,71.10,6.00,9.61
0.69,0.00,0.15,0.00,0.00,16.02,1.00,9.61
20.59,21.03,39.35,60.28,68.07,69.23,5.00,9.61
0.66,0.00,0.00,0.00,0.00,16.22,1.00,9.61
20.22,21.64,41.19,62.68,62.09,66.99,5.00,9.61
0.47,0.00,0.00,0.00,0.00,15.65,1.00,9.21
20.07,23.44,42.42,63.73,62.04,69.15,5.00,9.07
0.41,0.00,0.00,0.00,0.00,14.63,1.00,9.07
20.60,22.19,41.49,62.98,42.67,67.41,4.00,9.42
0.74,0.00,0.00,0.00,0.28,14.09,1.00,9.42
19.62,21.91,43.05,66.41,45.28,67.18,4.00,9.42
0.66,0.00,0.00,0.00,0.00,15.65,1.00,9.93
20.76,19.48,39.17,61.24,43.50,69.41,4.00,9.93
0.51,0.00,0.00,0.00,0.46,17.66,1.00,10.48
20.29,20.50,39.66,61.13,45.42,70.48,4.00,10.74
0.56,0.00,0.01,0.02,0.00,17.06,1.00,10.74
20.63,21.79,38.88,57.88,59.26,71.20,3.00,10.74
0.68,0.01,0.00,0.00,0.00,16.93,1.00,9.69
20.88,19.99,37.35,56.38,56.81,69.46,3.00,9.69
0.61,0.01,0.23,0.17,0.00,17.58,1.00,10.47
19.81,22.46,40.49,60.65,57.90,67.35,3.00,10.47
0.75,0.00,0.00,0.00,0.00,16.95,1.00,8.49
20.45,22.76,40.99,70.84,31.67,71.09,3.00,8.49
0.74,0.13,0.00,0.00,0.00,15.31,1.00,10.47
20.36,21.74,41.35,63.82,92.44,66.44,2.00,10.47
0.50,0.00,0.00,0.00,0.00,15.33,1.00,10.18
19.86,22.80,41.78,63.68,35.82,65.34,6.00,10.18
0.67,0.00,0.09,0.00,0.15,14.61,1.00,9.69
19.51,22.45,40.10,60.11,34.88,66.73,6.00,9.69
0.64,0.00,0.00,0.00,0.16,15.95,1.00,10.77
19.94,24.13,42.69,62.86,35.71,66.84,6.00,10.77
0.46,0.00,0.00,0.00,0.08,17.21,1.00,10.20
21.15,23.51,40.23,59.80,38.69,67.42,6.00,10.02
0.73,0.13,0.00,0.00,0.00,16.86,1.00,10.02
20.04,22.72,40.80,61.06,36.58,70.19,6.00,10.02
0.69,0.13,0.17,0.09,0.10,15.30,1.00,8.46
20.36,21.27,40.42,66.65,17.98,68.99,6.00,8.46
0.58,0.14,0.00,0.00,0.00,15.92,1.00,12.13
19.96,23.23,42.40,62.63,65.95,65.72,5.00,12.13
0.60,0.14,0.14,0.14,0.00,15.63,1.00,10.12
20.78,22.09,43.63,67.27,64.86,71.42,5.00,10.32
0.55,0.15,0.00,0.00,0.00,16.28,1.00,10.32
20.62,21.49,40.77,61.93,65.30,72.06,5.00,10.32
0.27,0.15,0.15,0.15,0.00,13.24,1.00,10.06
20.27,20.38,40.03,62.51,45.21,67.95,4.00,10.06
0.65,0.15,0.00,0.00,0.00,16.47,1.00,9.61
19.89,23.30,43.74,66.15,44.60,72.79,4.00,9.61
0.52,0.15,0.15,0.15,0.00,13.98,1.00,10.43
20.80,23.80,43.55,65.07,44.01,66.05,4.00,10.43
0.64,0.00,0.00,0.00,0.00,14.62,1.00,9.01
19.95,22.72,42.82,64.90,43.17,67.67,4.00,9.01
0.50,0.00,0.00,0.00,0.00,15.91,1.00,9.74
19.71,21.05,40.13,61.72,58.51,67.36,3.00,9.74
0.46,0.00,0.00,0.00,0.00,16.80,1.00,10.26
19.61,21.90,40.49,61.58,58.95,67.20,3.00,10.08
0.62,0.00,0.00,0.00,0.00,15.26,1.00,10.08
20.47,18.42,36.82,57.87,57.37,66.50,3.00,10.08
0.57,0.14,0.00,0.00,0.28,17.63,1.00,9.66
21.32,23.31,41.39,61.79,58.08,71.16,3.00,10.04
0.68,0.14,0.17,0.17,0.00,14.71,1.00,10.04
20.23,20.39,38.95,59.95,89.34,65.05,2.00,10.04
0.75,0.00,0.00,0.00,0.00,15.26,1.00,9.42
20.57,22.47,43.49,66.09,36.65,70.09,6.00,9.42
0.56,0.00,0.00,0.00,0.14,15.72,1.00,10.75
20.28,20.81,37.93,57.60,36.99,68.85,6.00,10.75
0.67,0.00,0.11,0.00,0.00,16.21,1.00,9.88
20.60,21.11,38.41,58.05,35.75,65.41,6.00,9.88
-0.01,0.00,0.00,0.00,0.00,16.16,1.00,10.54
21.18,24.64,45.30,68.25,35.44,70.87,6.00,10.54
0.46,0.00,0.00,0.00,0.00,14.99,1.00,10.54
19.88,22.36,39.36,58.43,37.21,64.45,6.00,10.54
0.58,0.00,0.12,0.00,0.00,17.29,1.00,10.54
20.23,22.19,40.03,60.63,35.06,67.75,6.00,10.54
0.70,0.00,0.00,0.00,0.00,15.69,1.00,9.38
19.71,21.80,40.96,62.60,66.91,69.32,5.00,9.38
0.75,0.00,0.00,0.00,0.00,15.64,1.00,11.39
21.46,22.27,42.11,63.13,64.09,65.14,5.00,11.39
0.73,0.16,0.00,-0.02,0.00,14.32,1.00,10.62
21.15,23.71,41.75,61.50,73.32,69.43,5.00,10.62
0.71,0.16,0.16,0.16,0.12,15.52,1.00,8.66
20.14,23.52,44.32,72.87,24.53,68.44,4.00,8.66
0.36,0.00,0.00,0.00,0.00,14.75,1.00,9.89
20.61,22.24,42.60,65.09,45.57,69.45,4.00,9.89
0.56,0.00,0.00,0.00,0.19,15.81,1.00,10.58
19.63,21.20,41.19,63.37,43.33,65.46,4.00,10.58
0.74,0.00,0.00,0.00,0.00,16.29,1.00,8.68
20.36,20.03,38.00,64.69,24.27,66.69,4.00,8.68
0.54,0.00,0.00,0.00,0.00,16.74,1.00,9.66
19.88,23.46,43.53,66.44,53.45,69.15,3.00,9.66
0.71,0.00,0.00,0.00,0.00,16.46,1.00,9.36
20.70,21.60,41.38,63.63,53.44,68.59,3.00,9.36
0.61,0.15,0.00,0.00,0.00,16.09,1.00,9.86
20.70,22.78,42.88,64.17,55.68,71.22,3.00,9.86
0.73,0.00,0.00,0.00,0.00,16.24,1.00,10.95
20.27,23.95,41.54,62.08,57.78,71.86,3.00,10.95
0.72,0.00,0.00,0.00,0.00,15.42,1.00,9.27
20.51,21.75,40.38,61.24,86.30,65.50,2.00,9.27
0.45,0.10,0.00,0.00,0.04,14.21,1.00,8.73
21.38,21.67,40.97,66.23,17.29,67.38,6.00,8.98
0.62,0.10,0.12,0.23,0.00,14.90,1.00,8.98
20.19,18.26,38.88,65.48,20.14,64.74,6.00,8.98
0.60,0.00,0.00,-0.02,0.00,15.02,1.00,8.62
19.33,20.92,40.54,64.58,19.76,67.70,6.00,8.62
0.46,0.00,0.00,0.00,0.11,14.92,1.00,9.69
20.57,20.04,40.13,62.15,35.03,68.66,6.00,9.69
0.49,0.13,0.00,0.00,0.00,16.77,1.00,10.62
20.51,24.69,42.74,63.39,34.54,71.84,6.00,10.62
0.52,0.00,0.00,0.00,0.00,16.68,1.00,9.69
20.63,23.51,42.06,63.15,38.74,70.87,6.00,9.69
0.63,0.00,0.00,0.00,0.00,15.03,1.00,11.04
19.61,20.77,41.38,64.67,66.24,67.53,5.00,11.04
0.57,0.00,0.00,0.00,0.43,17.32,1.00,10.11
20.28,21.04,40.25,61.05,64.88,68.74,5.00,10.11
-0.04,0.15,0.02,-0.01,0.00,13.76,1.00,10.11
20.23,21.53,38.00,55.65,71.42,65.27,5.00,10.11
0.56,0.15,0.15,0.15,0.00,17.43,1.00,9.84
21.29,19.93,39.77,61.53,46.32,68.39,4.00,9.76
0.58,0.00,0.00,0.00,0.00,14.96,1.00,9.76
19.66,22.53,40.89,61.22,44.43,68.71,4.00,9.76
0.52,0.00,0.05,0.10,0.00,16.98,1.00,10.82
21.10,21.48,37.72,55.71,43.98,67.79,4.00,10.79
0.54,0.00,0.00,0.00,0.00,16.61,1.00,10.79
19.97,22.79,43.07,65.23,41.37,73.00,4.00,10.79
0.63,0.00,0.00,0.00,0.29,17.28,1.00,10.48
19.97,19.56,38.04,58.16,58.11,66.60,3.00,10.48
0.52,0.13,0.00,0.00,0.18,17.27,1.00,9.57
19.99,21.82,40.27,60.38,57.39,67.69,3.00,9.57
0.20,0.00,0.00,0.00,0.00,16.70,1.00,9.99
20.37,21.23,38.79,58.46,60.59,67.09,3.00,9.99
0.72,0.00,0.00,0.00,0.00,16.39,1.00,9.18
20.57,19.91,39.34,61.03,58.91,69.10,3.00,9.18
0.64,0.00,0.00,0.00,0.00,16.77,1.00,10.60
21.07,23.29,43.11,65.54,90.88,73.25,2.00,10.60
0.51,0.00,0.00,0.00,0.00,15.53,1.00,10.05
20.03,21.81,41.83,64.23,35.28,67.58,6.00,10.05
0.71,0.00,0.00,0.00,0.00,14.98,1.00,9.12
20.36,22.69,42.43,64.26,36.90,69.32,6.00,9.12
0.71,0.00,0.00,0.00,0.00,15.35,1.00,10.03
20.34,22.72,40.84,61.14,35.40,68.00,6.00,10.03
0.75,0.16,0.00,-0.02,0.00,15.76,1.00,9.69
21.03,19.52,39.60,62.40,34.76,65.93,6.00,9.69
0.13,0.15,0.17,0.15,0.00,17.07,1.00,9.17
20.93,22.81,40.80,61.15,35.66,70.43,6.00,9.17
0.65,0.00,0.00,0.00,0.00,14.09,1.00,9.80
21.36,22.50,41.63,62.82,33.85,64.26,6.00,9.67
0.72,0.00,0.00,0.05,0.00,15.76,1.00,9.67
20.91,21.98,41.01,62.66,64.39,67.87,5.00,9.88
0.75,0.00,0.00,0.00,0.48,16.80,1.00,9.88
19.73,22.13,39.31,59.35,68.87,66.27,5.00,9.88
0.26,0.00,0.00,0.00,0.00,14.58,1.00,11.42
21.35,21.09,38.18,56.27,69.98,68.39,5.00,11.42
0.60,0.00,0.00,0.00,0.00,16.43,1.00,9.53
20.59,19.84,39.27,59.95,45.91,70.35,4.00,9.92
0.37,0.16,0.00,0.00,0.00,16.44,1.00,9.94
20.50,23.76,41.58,61.13,43.03,68.69,4.00,9.94
0.69,0.16,0.16,0.16,0.00,17.01,1.00,9.94
20.41,21.91,41.59,63.44,41.44,67.85,4.00,9.94
0.73,0.00,0.00,0.00,0.00,15.91,1.00,9.94
19.74,23.38,42.43,63.95,42.77,68.15,4.00,9.94
-0.17,0.00,0.00,0.03,0.00,14.50,1.00,9.94
20.46,22.33,41.31,61.97,54.26,67.62,3.00,9.94
0.51,0.00,0.00,0.00,0.00,16.33,1.00,10.90
20.19,19.35,39.74,61.58,57.33,70.06,3.00,10.82
0.37,0.00,0.00,0.00,0.00,15.50,1.00,10.82
20.37,23.33,42.46,64.28,58.49,67.99,3.00,10.82
0.59,0.00,0.00,0.00,0.00,15.83,1.00,10.02
19.94,22.83,41.60,62.30,58.16,69.03,3.00,10.02
0.55,0.17,0.00,0.00,0.18,15.74,1.00,9.20
20.29,22.32,41.07,61.82,82.79,70.68,2.00,9.20
0.45,0.00,0.00,0.00,0.00,16.29,1.00,10.14
21.15,21.32,43.39,67.58,36.52,71.19,6.00,10.14
0.59,0.15,0.00,0.00,0.00,17.17,1.00,9.84
19.65,22.95,40.79,60.74,32.36,67.47,6.00,9.84
0.66,0.11,0.00,-0.02,0.00,15.93,1.00,10.86
20.56,20.24,40.14,62.90,33.94,70.04,6.00,10.86
0.46,0.11,0.11,0.11,0.00,16.12,1.00,9.73
20.31,19.53,39.78,61.80,33.80,68.81,6.00,9.73
0.46,0.00,0.00,0.00,0.00,16.44,1.00,9.49
19.84,25.43,42.48,61.38,32.99,67.99,6.00,9.49
0.57,0.14,0.11,0.09,0.00,16.18,1.00,11.09
19.82,21.71,41.07,62.15,36.26,69.46,6.00,11.09
0.60,0.14,0.14,0.14,0.00,15.60,1.00,11.09
20.81,24.39,42.79,62.91,64.94,66.35,5.00,11.09
0.47,0.00,0.00,0.00,0.00,16.69,1.00,8.84
20.70,23.85,42.74,71.38,32.49,70.08,5.00,8.84
0.73,0.15,0.00,0.00,0.00,15.72,1.00,9.97
20.53,23.81,44.37,67.62,61.69,66.05,5.00,9.97
0.71,0.15,0.15,0.15,0.00,14.72,1.00,11.26
20.26,21.86,41.86,64.33,45.50,66.02,4.00,11.26
0.66,0.01,0.00,0.00,0.00,16.66,1.00,9.41
20.41,20.28,39.60,61.64,48.03,68.77,4.00,9.41
0.61,0.01,0.13,0.25,0.00,15.94,1.00,11.41
20.50,20.61,40.79,63.07,43.62,69.89,4.00,11.41
0.45,0.00,0.00,0.00,0.14,16.69,1.00,10.18
20.32,21.82,40.72,62.06,46.66,70.75,4.00,10.18
0.63,0.01,0.00,0.00,0.00,15.21,1.00,9.31
19.30,21.01,42.35,66.35,59.09,68.44,3.00,9.31
0.54,0.01,0.08,0.15,0.00,14.20,1.00,10.36
21.20,23.34,41.71,62.39,56.36,66.85,3.00,10.36
0.52,0.00,0.00,0.00,0.00,17.00,1.00,10.16
19.73,23.13,42.30,63.89,56.73,72.03,3.00,10.16
0.65,0.00,0.00,0.00,0.00,16.49,1.00,10.16
20.52,23.88,43.24,65.06,56.15,69.89,3.00,10.16
0.20,0.00,0.07,0.00,0.00,17.28,1.00,9.65
20.00,22.08,40.34,60.45,89.60,68.70,2.00,10.01
0.11,0.00,0.00,0.00,0.00,14.54,1.00,10.01
20.64,23.79,43.19,65.12,35.10,69.69,6.00,10.28
0.50,0.00,0.00,0.00,0.00,16.32,1.00,10.43
19.97,22.44,42.12,63.40,34.51,69.57,6.00,10.43
0.74,0.00,0.00,0.00,0.00,16.24,1.00,10.43
20.52,24.40,43.71,64.85,35.78,69.25,6.00,10.43
0.73,0.00,0.02,0.05,0.00,15.86,1.00,9.94
20.39,20.28,39.01,60.39,34.05,64.08,6.00,9.94
0.72,0.00,0.00,0.00,0.00,15.29,1.00,8.91
20.38,19.28,37.15,63.35,18.08,69.17,6.00,8.91
0.73,0.17,0.00,0.00,0.00,15.72,1.00,9.63
20.10,24.00,43.67,65.59,34.73,70.15,6.00,9.63
0.56,0.17,0.17,0.17,0.00,16.23,1.00,10.21
20.70,25.18,42.49,61.87,65.92,70.80,5.00,10.21
0.65,0.00,0.00,0.00,0.00,14.68,1.00,11.05
21.33,22.33,40.47,60.59,61.87,64.90,5.00,11.05
0.50,0.17,0.00,0.00,0.19,15.87,1.00,10.43
21.14,23.83,42.33,63.06,70.57,68.33,5.00,10.43
0.65,0.01,0.01,0.01,0.00,16.78,1.00,9.75
21.06,21.21,41.84,64.91,43.46,72.38,4.00,9.75
0.63,0.00,0.09,0.00,0.00,16.65,1.00,10.47
19.45,20.26,40.84,63.77,46.70,69.22,4.00,10.47
0.42,0.00,0.00,0.00,0.00,17.94,1.00,9.29
21.16,24.14,43.51,64.15,46.29,72.56,4.00,9.29
0.49,0.00,0.00,0.00,0.00,16.79,1.00,11.21
20.19,23.03,43.23,65.48,48.79,71.63,4.00,11.21
0.60,0.00,0.00,0.00,0.00,14.44,1.00,9.70
20.39,23.38,42.64,64.18,59.79,66.76,3.00,9.70
0.39,0.00,0.00,0.00,0.04,14.70,1.00,8.92
21.47,20.84,39.76,68.75,30.15,64.76,3.00,8.92
0.55,0.00,0.00,0.00,0.16,17.12,1.00,9.95
21.40,21.61,39.75,58.87,57.28,72.45,3.00,9.95
0.06,0.00,0.00,0.00,0.00,14.87,1.00,9.74
21.45,22.58,42.28,63.24,57.71,68.41,3.00,9.74
0.33,0.00,0.00,0.00,0.00,15.63,1.00,10.98
20.31,21.12,39.42,59.93,85.78,69.05,2.00,10.98
0.42,0.00,0.00,0.00,0.00,16.56,1.00,9.84
19.58,22.33,42.27,64.42,33.59,67.85,6.00,9.84
0.74,0.16,0.00,0.00,0.00,16.48,1.00,9.44
20.86,21.59,42.16,65.40,36.47,72.51,6.00,9.44
0.53,0.00,0.00,0.00,0.00,14.89,1.00,10.33
20.17,23.57,43.34,65.00,34.59,71.12,6.00,10.33
0.74,0.00,0.15,0.00,0.00,16.79,1.00,10.03
21.07,20.95,39.35,60.36,36.30,69.75,6.00,10.03
0.72,0.00,0.00,0.00,0.00,16.58,1.00,10.74
19.81,21.63,41.19,61.81,33.12,67.72,6.00,10.74
0.74,0.00,0.00,0.00,0.00,15.64,1.00,8.82
21.31,23.32,42.42,68.25,17.25,71.22,6.00,8.82
0.56,0.00,0.00,0.00,0.00,14.57,1.00,8.82
20.73,22.17,41.49,69.00,34.15,67.11,5.00,8.82
0.68,0.00,0.00,0.00,0.42,12.79,1.00,9.63
19.26,21.99,43.05,66.41,67.96,67.34,5.00,9.63
0.40,0.00,0.00,0.00,0.00,15.64,1.00,10.53
20.63,19.48,39.17,60.98,65.25,69.70,5.00,10.53
0.75,0.00,0.00,0.00,0.45,16.53,1.00,9.70
21.19,20.48,39.66,61.40,45.42,70.34,4.00,9.70
0.25,0.00,0.01,0.02,0.00,16.39,1.00,8.42
19.79,21.79,38.88,67.09,23.68,68.88,4.00,8.64
0.68,0.01,0.00,0.00,0.00,16.79,1.00,8.64
21.16,19.83,37.35,65.53,22.19,67.95,4.00,8.64
0.73,0.01,0.23,0.17,0.00,15.96,1.00,10.19
20.03,22.45,40.49,60.84,44.54,67.68,4.00,10.48
0.56,0.00,0.00,0.00,0.00,16.76,1.00,10.48
19.98,22.77,40.99,61.39,60.61,72.05,3.00,10.48
0.72,0.13,0.00,0.00,0.00,14.63,1.00,8.88
19.55,21.76,41.35,69.32,33.90,64.21,3.00,8.88
0.16,0.00,0.00,0.00,0.00,15.36,1.00,9.55
21.30,22.78,41.78,63.42,58.21,67.16,3.00,9.55
-0.02,0.00,0.09,0.00,0.25,14.31,1.00,8.95
20.22,22.29,40.10,68.35,31.05,68.00,3.00,8.95
0.66,0.00,0.00,0.00,0.26,14.58,1.00,8.95
19.85,24.16,42.69,73.54,46.76,68.48,2.00,8.95
0.74,0.00,0.00,0.00,0.20,16.23,1.00,8.69
20.29,23.51,40.23,69.92,19.56,68.04,6.00,8.69
0.30,0.13,0.00,0.00,0.00,15.78,1.00,9.71
20.55,22.72,40.80,61.49,36.58,71.02,6.00,9.71
0.08,0.13,0.17,0.09,0.11,15.66,1.00,10.17
20.31,21.10,40.42,61.28,36.13,68.53,6.00,10.45
0.71,0.14,0.00,0.00,0.00,14.43,1.00,10.45
21.42,23.30,42.40,63.75,35.18,67.13,6.00,10.45
0.60,0.14,0.14,0.14,0.00,15.80,1.00,10.10
21.04,22.04,43.63,67.64,34.59,72.07,6.00,10.10
0.71,0.15,0.00,0.00,0.00,16.58,1.00,10.76
19.96,21.45,40.77,61.74,34.83,71.24,6.00,10.76
0.64,0.15,0.15,0.15,0.00,15.08,1.00,11.39
21.38,20.27,40.03,61.85,67.82,68.83,5.00,11.39
0.64,0.15,0.00,0.00,0.00,17.45,1.00,10.99
20.24,23.26,43.74,66.04,66.90,71.10,5.00,10.99
0.59,0.15,0.15,0.15,0.00,14.21,1.00,10.29
20.64,23.89,43.55,65.60,66.02,66.86,5.00,10.29
0.56,0.00,0.00,0.00,0.00,15.30,1.00,10.73
20.05,22.70,42.82,64.73,43.17,66.70,4.00,10.73
0.61,0.00,0.00,0.00,0.00,16.24,1.00,9.29
20.90,21.08,40.13,61.92,45.01,68.60,4.00,9.29
0.66,0.00,0.00,0.00,0.00,17.67,1.00,10.22
20.45,21.86,40.49,61.59,45.34,67.42,4.00,10.22
0.50,0.00,0.00,0.00,0.00,15.71,1.00,9.31
19.89,18.45,36.82,57.27,44.13,67.17,4.00,9.31
0.55,0.14,0.00,0.00,0.22,16.96,1.00,10.32
19.66,23.31,41.39,61.98,58.08,70.10,3.00,10.32
0.60,0.14,0.17,0.17,0.00,14.11,1.00,8.85
21.19,20.34,38.95,66.86,31.75,64.91,3.00,8.85
0.67,0.00,0.00,0.00,0.00,15.97,1.00,10.16
20.62,22.47,43.49,67.40,59.55,71.23,3.00,10.16
0.67,0.00,0.00,0.00,0.22,17.25,1.00,10.71
20.81,20.82,37.93,57.32,60.10,66.99,3.00,10.71
0.56,0.00,0.11,0.00,0.00,15.34,1.00,8.76
20.24,21.03,38.41,66.72,46.27,66.19,2.00,8.76
0.64,0.00,0.00,0.00,0.00,15.91,1.00,10.33
20.04,24.77,45.30,67.33,35.44,70.29,6.00,10.18
0.05,0.00,0.00,0.00,0.00,14.95,1.00,10.18
19.83,22.29,39.36,58.29,37.21,63.95,6.00,10.53
0.67,0.00,0.12,0.00,0.00,15.81,1.00,10.53
20.39,22.18,40.03,59.74,35.06,67.23,6.00,10.53
0.66,0.00,0.00,0.00,0.00,17.26,1.00,10.20
19.53,21.76,40.96,62.84,35.68,67.96,6.00,10.20
0.60,0.00,0.00,0.00,0.00,14.78,1.00,10.02
20.68,22.64,42.11,63.93,34.18,66.38,6.00,10.02
0.60,0.16,0.00,-0.02,0.00,15.00,1.00,10.02
21.32,23.67,41.75,61.57,39.10,70.01,6.00,10.35
0.69,0.16,0.16,0.16,0.06,14.65,1.00,10.35
19.94,23.52,44.32,67.87,67.73,68.88,5.00,10.35
0.37,0.00,0.00,0.00,0.00,14.36,1.00,11.03
20.16,22.21,42.60,65.38,68.36,69.89,5.00,11.03
0.74,0.00,0.00,0.00,0.28,15.62,1.00,10.25
21.04,21.13,41.19,63.37,65.00,66.60,5.00,10.25
0.65,0.00,0.00,0.00,0.00,16.38,1.00,8.49
20.66,19.88,38.00,65.16,24.27,66.36,4.00,8.49
0.57,0.00,0.00,0.00,0.00,17.03,1.00,10.47
20.81,23.44,43.53,65.91,41.11,70.48,4.00,10.47
0.30,0.00,0.00,0.00,0.00,15.88,1.00,9.21
20.66,21.72,41.38,62.86,41.11,67.48,4.00,9.21
0.64,0.15,0.00,0.00,0.00,16.67,1.00,9.67
20.67,22.79,42.88,65.65,42.83,71.73,4.00,9.67
0.60,0.00,0.00,0.00,0.00,16.55,1.00,9.46
20.03,23.87,41.54,61.61,57.78,70.46,3.00,9.46
0.70,0.00,0.00,0.00,0.00,14.59,1.00,9.00
21.05,21.75,40.38,66.95,30.85,67.52,3.00,9.00
0.65,0.10,0.00,0.00,0.03,14.50,1.00,10.63
21.38,21.73,40.97,62.39,53.57,67.30,3.00,10.63
0.54,0.10,0.12,0.23,0.00,13.58,1.00,10.09
20.61,18.67,38.88,61.38,58.84,64.40,3.00,10.09
0.72,0.00,0.00,-0.02,0.00,14.56,1.00,9.61
19.67,20.92,40.54,62.62,92.88,67.11,2.00,9.61
0.59,0.00,0.00,0.00,0.00,15.39,1.00,11.16
19.90,20.01,40.13,61.72,35.03,67.56,6.00,11.37
0.59,0.13,0.00,0.00,0.00,16.91,1.00,11.37
20.57,24.42,42.74,63.68,34.54,71.47,6.00,11.37
0.73,0.00,0.00,0.00,0.00,16.82,1.00,10.81
19.69,23.53,42.06,61.99,38.74,69.35,6.00,10.81
0.61,0.00,0.00,0.00,0.00,14.83,1.00,10.09
20.08,20.97,41.38,63.84,35.33,67.78,6.00,10.09
0.70,0.00,0.00,0.00,0.23,17.28,1.00,11.80
20.03,21.04,40.25,61.77,34.60,70.14,6.00,11.80
0.60,0.15,0.02,-0.01,0.00,13.84,1.00,9.34
20.07,21.51,38.00,56.29,38.09,63.01,6.00,9.34
0.71,0.15,0.15,0.15,0.16,17.40,1.00,10.75
20.18,19.98,39.77,61.56,69.48,67.48,5.00,10.61
0.69,0.00,0.00,0.00,0.00,16.02,1.00,10.61
20.78,22.47,40.89,60.88,66.65,70.49,5.00,10.61
0.61,0.00,0.05,0.10,0.00,16.34,1.00,9.89
21.17,21.49,37.72,56.57,65.98,68.76,5.00,9.89
0.51,0.00,0.00,0.00,0.00,16.56,1.00,9.89
19.36,22.79,43.07,66.25,41.37,72.61,4.00,9.89
0.63,0.00,0.00,0.00,0.29,16.54,1.00,9.89
20.30,19.58,38.04,58.51,44.70,67.77,4.00,9.89
0.45,0.13,0.00,0.00,0.14,16.66,1.00,10.32
19.97,21.82,40.27,60.43,44.15,68.35,4.00,10.31
0.30,0.00,0.00,0.00,0.00,17.05,1.00,10.31
20.59,21.24,38.79,58.55,46.61,68.32,4.00,10.31
0.59,0.00,0.00,0.00,0.00,16.51,1.00,9.28
20.40,19.84,39.34,60.27,58.91,67.59,3.00,9.28
0.63,0.00,0.00,0.00,0.00,16.55,1.00,10.07
19.55,23.14,43.11,65.68,59.07,70.55,3.00,10.07
0.51,0.00,0.00,0.00,0.00,15.87,1.00,8.77
20.50,21.89,41.83,68.80,29.72,67.28,3.00,8.77
0.65,0.00,0.00,0.00,0.00,14.95,1.00,10.86
20.28,22.57,42.43,64.70,59.96,67.66,3.00,11.13
0.32,0.00,0.00,0.00,0.00,15.44,1.00,11.13
20.76,22.84,40.84,60.50,88.50,68.65,2.00,11.13
0.73,0.16,0.00,-0.02,0.00,14.97,1.00,10.48
20.66,19.64,39.60,62.09,34.76,66.68,6.00,10.48
0.59,0.15,0.17,0.15,0.00,17.38,1.00,9.67
20.02,22.84,40.80,60.78,35.66,69.63,6.00,9.67
0.59,0.00,0.00,0.00,0.00,14.74,1.00,9.32
20.38,22.64,41.63,62.08,33.85,62.76,6.00,9.32
0.51,0.00,0.00,0.05,0.00,15.91,1.00,10.89
20.00,21.95,41.01,63.00,34.34,67.79,6.00,10.89
0.67,0.00,0.00,0.00,0.16,16.08,1.00,10.63
19.85,22.13,39.31,58.44,36.73,65.79,6.00,10.49
0.49,0.00,0.00,0.00,0.00,14.92,1.00,10.49
20.43,21.06,38.18,57.71,37.32,66.80,6.00,10.49
0.04,0.00,0.00,0.00,0.00,15.89,1.00,8.65
19.29,19.77,39.27,65.61,35.06,68.63,5.00,8.65
0.74,0.16,0.00,0.00,0.00,16.71,1.00,7.76
20.01,23.76,41.58,69.14,34.68,69.74,5.00,7.76
0.62,0.16,0.16,0.16,0.00,15.57,1.00,10.02
20.68,21.90,41.59,64.00,62.15,67.63,5.00,10.02
0.55,0.00,0.00,0.00,0.00,14.98,1.00,9.69
21.01,23.31,42.43,64.27,42.77,69.09,4.00,9.69
0.63,0.00,0.00,0.03,0.00,14.50,1.00,10.43
20.50,22.36,41.31,62.32,41.74,67.90,4.00,10.43
0.74,0.00,0.00,0.00,0.00,15.87,1.00,9.67
21.37,19.50,39.74,61.06,44.10,70.98,4.00,9.67
0.62,0.00,0.00,0.00,0.00,15.64,1.00,9.36
20.38,23.29,42.46,64.20,45.00,66.88,4.00,9.36
0.62,0.00,0.00,0.00,0.00,16.38,1.00,11.20
20.31,22.86,41.60,62.53,58.16,69.61,3.00,11.20
0.69,0.17,0.00,0.00,0.18,16.65,1.00,10.69
19.89,22.35,41.07,61.94,53.81,69.24,3.00,10.69
0.71,0.00,0.00,0.00,0.00,16.16,1.00,9.14
20.14,21.04,43.39,67.20,59.35,73.94,3.00,9.09
0.66,0.15,0.00,0.00,0.00,17.66,1.00,9.09
20.37,22.80,40.79,61.37,52.59,68.65,3.00,9.09
0.31,0.11,0.00,-0.02,0.00,16.71,1.00,9.89
20.28,20.23,40.14,62.55,84.88,68.85,2.00,9.89
0.73,0.11,0.11,0.11,0.00,15.53,1.00,10.32
21.41,19.13,39.78,61.34,33.80,68.26,6.00,10.32
0.66,0.00,0.00,0.00,0.00,15.38,1.00,9.82
20.13,25.38,42.48,62.04,32.99,68.29,6.00,9.82
0.45,0.14,0.11,0.09,0.00,16.33,1.00,10.85
20.47,21.65,41.07,63.22,36.26,69.89,6.00,10.85
0.75,0.14,0.14,0.14,0.00,15.89,1.00,9.05
19.94,24.42,42.79,62.82,34.63,65.56,6.00,8.86
0.50,0.00,0.00,0.00,0.13,16.68,1.00,8.86
20.26,23.87,42.74,71.50,17.33,68.72,6.00,8.86
0.68,0.15,0.00,0.00,0.00,14.96,1.00,10.31
19.31,23.83,44.37,67.02,32.90,67.01,6.00,10.31
0.66,0.15,0.15,0.15,0.00,15.24,1.00,9.43
20.68,21.85,41.86,63.88,68.25,66.26,5.00,9.43
0.54,0.01,0.00,0.00,0.00,15.90,1.00,9.07
20.66,20.34,39.60,61.34,72.04,68.23,5.00,9.07
0.72,0.01,0.13,0.25,0.00,16.60,1.00,11.83
19.58,20.61,40.79,63.34,65.43,69.65,5.00,11.83
0.28,0.00,0.00,0.00,0.21,16.39,1.00,11.31
19.75,21.86,40.72,61.73,46.66,69.89,4.00,11.31
0.60,0.01,0.00,0.00,0.00,14.83,1.00,11.31
19.51,21.16,42.35,66.35,45.45,67.84,4.00,11.31
0.69,0.01,0.08,0.15,0.00,14.22,1.00,10.81
21.42,23.37,41.71,61.48,43.36,66.31,4.00,10.81
0.74,0.00,0.00,0.00,0.00,15.44,1.00,10.33
20.74,23.15,42.30,63.56,43.64,71.54,4.00,10.27
0.65,0.00,0.00,0.00,0.00,16.47,1.00,10.27
20.08,23.80,43.24,63.73,56.15,68.27,3.00,10.27
0.73,0.00,0.07,0.00,0.00,16.91,1.00,8.95
20.79,22.04,40.34,69.01,29.75,68.99,3.00,8.95
0.66,0.00,0.00,0.00,0.00,15.88,1.00,10.62
19.95,23.71,43.19,64.48,57.04,67.15,3.00,10.62
0.73,0.00,0.00,0.00,0.00,16.26,1.00,10.12
21.06,22.54,42.12,63.74,56.09,71.26,3.00,10.12
0.49,0.00,0.00,0.00,0.00,15.92,1.00,9.61
20.48,24.41,43.71,65.59,89.45,69.72,2.00,9.61
0.71,0.00,0.02,0.05,0.00,14.29,1.00,10.94
19.97,20.30,39.01,60.05,34.05,65.26,6.00,10.94
0.67,0.00,0.00,0.00,0.00,17.22,1.00,9.21
21.48,19.39,37.15,57.12,35.68,69.51,6.00,9.21
0.74,0.17,0.00,0.00,0.00,14.96,1.00,10.15
20.72,24.04,43.67,65.78,34.73,70.38,6.00,10.15
0.27,0.17,0.17,0.17,0.00,16.26,1.00,9.57
20.21,25.36,42.49,62.00,35.16,72.21,6.00,9.92
0.54,0.00,0.00,0.00,0.00,15.81,1.00,9.92
20.70,22.19,40.47,60.41,33.00,65.44,6.00,9.92
0.64,0.17,0.00,0.00,0.10,16.84,1.00,10.51
20.33,23.82,42.33,63.55,37.64,68.28,6.00,10.51
0.43,0.01,0.01,0.01,0.16,16.49,1.00,10.51
20.23,21.22,41.84,65.16,65.18,73.14,5.00,10.51
0.59,0.00,0.09,0.00,0.00,15.73,1.00,10.25
21.06,20.25,40.84,63.50,70.06,68.92,5.00,10.25
0.73,0.00,0.00,0.00,0.00,17.30,1.00,9.13
20.69,24.12,43.51,64.62,69.44,73.50,5.00,9.13
0.67,0.00,0.00,0.00,0.00,17.15,1.00,10.00
19.95,23.06,43.23,65.04,48.79,72.86,4.00,10.00
0.60,0.00,0.00,0.00,0.00,15.47,1.00,10.90
19.26,23.26,42.64,64.51,45.99,65.15,4.00,10.90
0.37,0.00,0.00,0.00,0.03,14.21,1.00,10.06
19.30,20.94,39.76,61.45,44.75,63.45,4.00,10.06
0.56,0.00,0.00,0.00,0.13,16.28,1.00,10.06
20.13,21.68,39.75,59.37,44.06,70.34,4.00,10.06
0.59,0.00,0.00,0.00,0.00,15.50,1.00,10.06
20.17,22.66,42.28,62.92,57.71,68.74,3.00,10.06
0.72,0.00,0.00,0.00,0.00,15.59,1.00,9.24
21.48,21.06,39.42,59.50,55.76,73.30,3.00,9.24
0.51,0.00,0.00,0.00,0.00,17.46,1.00,10.80
20.32,22.34,42.27,65.06,54.59,68.16,3.00,10.80
0.62,0.16,0.00,0.00,0.00,16.48,1.00,10.35
20.02,21.66,42.16,63.98,59.26,70.41,3.00,10.35
0.55,0.00,0.00,0.00,0.00,15.86,1.00,10.85
19.76,23.50,43.34,64.98,86.47,70.72,2.00,10.85
0.05,0.00,0.15,0.00,0.00,16.57,1.00,10.58
21.18,21.07,39.35,60.53,36.30,72.13,6.00,10.58
0.50,0.00,0.00,0.00,0.00,14.84,1.00,10.37
21.00,21.57,41.19,63.22,33.12,68.83,6.00,10.37
0.48,0.00,0.00,0.00,0.00,14.86,1.00,11.25
20.45,23.55,42.42,63.88,33.09,70.12,6.00,11.25
0.40,0.00,0.00,0.00,0.00,14.45,1.00,9.67
21.42,22.12,41.49,63.19,34.14,66.39,6.00,9.67
0.62,0.00,0.00,0.00,0.36,14.52,1.00,10.11
20.00,22.00,43.05,65.06,36.22,66.66,6.00,10.11
0.69,0.00,0.00,0.00,0.00,15.34,1.00,10.53
20.40,19.39,39.17,61.37,34.80,67.38,6.00,10.48
0.72,0.00,0.00,0.00,0.37,17.39,1.00,10.48
20.68,20.51,39.66,61.08,68.13,70.31,5.00,10.48
0.47,0.00,0.01,0.02,0.00,16.28,1.00,10.24
21.35,21.80,38.88,58.15,68.37,68.71,5.00,10.24
0.36,0.01,0.00,0.00,0.00,17.29,1.00,10.24
20.64,19.99,37.35,57.57,65.55,69.06,5.00,10.24
0.67,0.01,0.23,0.17,0.00,17.15,1.00,9.68
21.03,22.42,40.49,60.84,44.54,66.87,4.00,9.68
0.70,0.00,0.00,0.00,0.00,17.80,1.00,10.64
19.67,22.76,40.99,61.67,46.62,72.48,4.00,10.64
0.52,0.13,0.00,0.00,0.00,14.91,1.00,11.39
20.34,21.73,41.35,63.52,46.22,64.71,4.00,11.39
0.57,0.00,0.00,0.00,0.00,15.29,1.00,10.04
19.44,22.82,41.78,62.33,44.77,64.40,4.00,10.04
0.53,0.00,0.09,0.00,0.19,14.47,1.00,10.96
19.83,22.34,40.10,60.35,56.68,66.75,3.00,10.96
0.56,0.00,0.00,0.00,0.26,15.61,1.00,8.79
20.10,24.01,42.69,73.12,30.39,67.02,3.00,8.79
0.32,0.00,0.00,0.00,0.13,16.10,1.00,9.91
21.27,23.54,40.23,59.73,62.88,68.76,3.00,9.91
0.72,0.13,0.00,0.00,0.00,16.73,1.00,9.17
20.72,22.64,40.80,60.88,59.43,69.91,3.00,9.17
0.67,0.13,0.17,0.09,0.17,16.09,1.00,10.27
20.48,21.28,40.42,62.15,90.32,69.80,2.00,10.27
0.56,0.14,0.00,0.00,0.00,14.43,1.00,9.53
20.47,23.31,42.40,63.26,35.18,65.54,6.00,9.53
0.32,0.14,0.14,0.14,0.00,15.06,1.00,10.60
20.16,22.02,43.63,67.47,34.59,70.02,6.00,10.54
0.61,0.15,0.00,0.00,0.00,16.56,1.00,10.54
20.09,21.41,40.77,62.89,34.83,70.63,6.00,10.54
0.70,0.15,0.15,0.15,0.00,14.41,1.00,10.54
19.87,20.40,40.03,61.44,36.17,67.04,6.00,10.54
0.54,0.15,0.00,0.00,0.00,16.34,1.00,10.15
20.31,23.28,43.74,66.23,35.68,73.16,6.00,10.15
0.51,0.15,0.15,0.15,0.00,13.60,1.00,9.75
20.95,23.89,43.55,65.61,35.21,66.64,6.00,9.75
0.62,0.00,0.00,0.00,0.00,15.09,1.00,9.75
20.59,22.68,42.82,64.60,64.75,68.36,5.00,10.14
0.53,0.00,0.00,0.00,0.00,17.23,1.00,10.14
20.28,20.99,40.13,60.63,67.51,67.24,5.00,10.14
0.46,0.00,0.00,0.00,0.00,16.52,1.00,9.68
20.68,21.86,40.49,61.01,68.02,70.24,5.00,10.05
0.74,0.00,0.00,0.00,0.00,15.17,1.00,10.05
20.38,18.39,36.82,57.23,44.13,67.72,4.00,10.05
0.62,0.14,0.00,0.00,0.21,17.45,1.00,9.68
20.29,23.28,41.39,62.22,44.67,69.12,4.00,9.68
0.55,0.14,0.17,0.17,0.00,14.43,1.00,9.07
20.90,20.36,38.95,59.55,44.67,64.35,4.00,9.07
0.25,0.00,0.00,0.00,0.00,14.85,1.00,10.60
20.51,22.49,43.49,66.08,45.81,70.68,4.00,10.93
0.32,0.00,0.00,0.00,0.17,17.02,1.00,10.93
20.61,20.77,37.93,56.94,60.10,66.83,3.00,10.93
0.62,0.00,0.11,0.00,0.00,14.66,1.00,9.58
20.52,21.11,38.41,58.23,58.09,66.76,3.00,9.58
0.53,0.00,0.00,0.00,0.00,15.04,1.00,9.09
20.99,24.73,45.30,67.14,57.52,70.73,3.00,9.09
0.31,0.00,0.00,0.00,0.00,16.07,1.00,10.84
20.23,22.38,39.36,58.67,60.46,63.70,3.00,10.84
0.33,0.00,0.12,0.00,0.00,15.90,1.00,9.39
20.06,22.19,40.03,60.14,87.67,67.99,2.00,9.39
0.43,0.00,0.00,0.00,0.00,16.61,1.00,9.85
20.77,21.67,40.96,62.70,35.68,69.15,6.00,9.85
0.46,0.00,0.00,0.00,0.00,14.23,1.00,9.22
19.98,22.60,42.11,63.78,34.18,65.27,6.00,9.22
0.66,0.16,0.00,-0.02,0.00,15.36,1.00,10.10
19.51,23.75,41.75,61.33,39.10,68.98,6.00,10.10
0.72,0.16,0.16,0.16,0.06,15.46,1.00,9.20
19.58,23.57,44.32,67.55,36.12,69.86,6.00,9.20
0.59,0.00,0.00,0.00,0.17,15.64,1.00,10.12
19.75,22.23,42.60,64.65,36.46,68.30,6.00,10.12
0.72,0.00,0.00,0.00,0.15,16.04,1.00,9.47
20.66,21.20,41.19,63.49,34.66,67.41,6.00,9.47
0.73,0.00,0.00,0.00,0.00,15.59,1.00,10.14
19.73,20.05,38.00,57.93,67.69,65.11,5.00,10.14
0.08,0.00,0.00,0.00,0.00,15.27,1.00,10.14
20.25,23.47,43.53,65.91,61.67,68.43,5.00,10.14
0.74,0.00,0.00,0.00,0.00,16.44,1.00,10.14
20.46,21.71,41.38,63.33,61.66,68.59,5.00,10.46
0.25,0.15,0.00,0.00,0.00,16.56,1.00,10.46
20.73,22.81,42.88,65.30,42.83,71.32,4.00,10.46
0.33,0.00,0.00,0.00,0.00,16.21,1.00,10.95
19.93,23.86,41.54,61.37,44.44,69.58,4.00,10.95
0.40,0.00,0.00,0.00,0.00,14.61,1.00,9.43
20.63,21.65,40.38,61.19,43.15,66.61,4.00,9.43
0.67,0.10,0.00,0.00,0.02,14.53,1.00,9.43
20.63,21.77,40.97,61.88,41.21,66.74,4.00,9.43
0.64,0.10,0.12,0.23,0.00,13.61,1.00,9.43
20.68,18.65,38.88,61.44,58.84,65.60,3.00,9.43
0.19,0.00,0.00,-0.02,0.00,15.41,1.00,8.18
20.66,20.95,40.54,65.18,32.12,69.75,3.00,8.18
0.58,0.00,0.00,0.00,0.00,14.59,1.00,11.43
20.87,19.94,40.13,62.33,56.92,68.89,3.00,11.43
0.68,0.13,0.00,0.00,0.00,16.88,1.00,11.43
19.28,24.68,42.74,62.40,56.13,71.02,3.00,11.43
0.50,0.00,0.00,0.00,0.00,15.73,1.00,10.41
21.14,23.53,42.06,62.51,96.86,68.92,2.00,10.41
0.60,0.00,0.00,0.00,0.00,13.62,1.00,11.02
19.93,21.03,41.38,64.25,35.33,68.50,6.00,11.02
0.67,0.00,0.00,0.00,0.23,17.01,1.00,9.37
20.68,20.95,40.25,61.74,34.60,69.33,6.00,9.37
0.64,0.15,0.02,-0.01,0.00,13.50,1.00,10.51
21.36,21.46,38.00,55.59,38.09,64.52,6.00,10.51
0.61,0.15,0.15,0.15,0.16,17.00,1.00,9.46
20.66,19.96,39.77,61.78,37.06,69.44,6.00,9.46
0.62,0.00,0.00,0.00,0.00,15.32,1.00,10.04
20.23,22.54,40.89,61.72,35.54,68.58,6.00,10.04
0.64,0.00,0.05,0.10,0.00,16.84,1.00,8.86
19.40,21.42,37.72,64.65,17.82,68.15,6.00,8.86
0.65,0.00,0.00,0.00,0.00,17.72,1.00,11.09
20.40,22.82,43.07,64.83,62.05,73.27,5.00,11.09
0.53,0.00,0.00,0.00,0.44,16.33,1.00,9.24
20.54,19.62,38.04,58.73,67.05,68.13,5.00,9.24
0.47,0.13,0.00,0.00,0.21,16.76,1.00,11.20
20.79,21.73,40.27,60.84,66.22,69.38,5.00,11.20
0.67,0.00,0.00,0.00,0.00,16.11,1.00,10.77
20.03,21.24,38.79,57.74,46.61,67.72,4.00,11.13
0.62,0.00,0.00,0.00,0.00,15.52,1.00,11.13
20.44,19.91,39.34,60.01,45.32,69.53,4.00,11.13
0.58,0.00,0.00,0.00,0.00,15.91,1.00,9.68
19.93,23.30,43.11,65.52,45.44,72.10,4.00,9.68
0.62,0.00,0.00,0.00,0.14,14.59,1.00,9.20
19.64,22.02,41.83,64.28,44.09,67.38,4.00,9.20
0.36,0.00,0.00,0.00,0.00,15.22,1.00,9.69
19.96,22.59,42.43,64.47,59.96,67.72,3.00,9.69
0.54,0.00,0.00,0.00,0.00,14.42,1.00,10.09
20.28,22.83,40.84,60.63,57.53,69.84,3.00,10.09
0.46,0.16,0.00,-0.02,0.00,15.22,1.00,8.25
20.06,19.65,39.60,67.68,28.90,66.10,3.00,8.25
0.41,0.15,0.17,0.15,0.00,17.46,1.00,9.11
21.39,22.72,40.80,61.17,57.95,68.95,3.00,9.11
-0.09,0.00,0.00,0.00,0.00,13.85,1.00,10.75
20.26,22.62,41.63,63.22,84.62,65.43,2.00,10.75
0.44,0.00,0.00,0.05,0.00,16.35,1.00,9.91
19.43,21.77,41.01,62.69,34.34,67.24,6.00,9.91
0.51,0.00,0.00,0.00,0.16,16.02,1.00,10.63
20.72,22.15,39.31,59.26,36.73,66.62,6.00,10.63
0.73,0.00,0.00,0.00,0.00,15.77,1.00,9.90
19.95,21.16,38.18,56.77,37.32,66.94,6.00,9.90
0.72,0.00,0.00,0.00,0.00,17.04,1.00,10.56
20.38,19.82,39.27,60.82,36.72,70.47,6.00,10.56
0.70,0.16,0.00,0.00,0.00,16.92,1.00,10.56
20.19,23.93,41.58,61.99,34.43,70.49,6.00,10.56
0.64,0.16,0.16,0.16,0.00,15.82,1.00,9.25
19.68,21.79,41.59,63.38,33.15,65.29,6.00,9.25
0.73,0.00,0.00,0.00,0.00,15.39,1.00,11.01
19.65,23.38,42.43,64.01,64.16,67.56,5.00,11.01
0.70,0.00,0.00,0.03,0.00,14.77,1.00,10.54
20.09,22.35,41.31,61.80,62.61,66.89,5.00,10.54
0.35,0.00,0.00,0.00,0.00,15.70,1.00,9.46
21.38,19.39,39.74,61.32,66.16,70.93,5.00,9.46
0.51,0.00,0.00,0.00,0.00,15.69,1.00,9.89
21.24,23.16,42.46,64.20,45.00,69.94,4.00,9.89
0.66,0.00,0.00,0.00,0.00,15.75,1.00,10.58
20.40,22.85,41.60,63.02,44.74,68.85,4.00,10.58
0.61,0.17,0.00,0.00,0.14,16.47,1.00,10.16
20.84,22.35,41.07,61.39,41.39,70.12,4.00,10.10
0.72,0.00,0.00,0.00,0.00,16.22,1.00,10.10
20.41,21.39,43.39,67.13,45.65,73.21,4.00,10.10
0.69,0.15,0.00,0.00,0.00,17.95,1.00,11.68
20.69,22.95,40.79,61.06,52.59,69.83,3.00,11.68
0.61,0.11,0.00,-0.02,0.00,15.84,1.00,8.68
20.66,20.27,40.14,66.30,29.31,69.85,3.00,8.68
0.69,0.11,0.11,0.11,0.00,17.06,1.00,10.88
19.86,19.43,39.78,61.65,54.93,66.71,3.00,10.88
0.66,0.00,0.00,0.00,0.00,16.21,1.00,9.62
19.77,25.43,42.48,61.12,53.61,68.76,3.00,9.62
0.56,0.14,0.11,0.09,0.00,15.87,1.00,10.83
20.32,21.76,41.07,62.48,90.65,67.83,2.00,10.83
0.70,0.14,0.14,0.14,0.00,14.69,1.00,9.90
21.30,24.55,42.79,62.73,34.63,67.08,6.00,9.90
0.48,0.00,0.00,0.00,0.13,17.32,1.00,8.51
20.29,23.80,42.74,70.90,17.33,68.13,6.00,8.51
0.58,0.15,0.00,0.00,0.00,15.49,1.00,10.44
21.36,23.83,44.37,66.75,32.90,67.39,6.00,10.83
0.65,0.15,0.15,0.15,0.00,16.02,1.00,10.83
20.51,21.94,41.86,64.25,36.40,65.54,6.00,10.83
0.70,0.01,0.00,0.00,0.00,15.75,1.00,9.59
19.25,20.29,39.60,60.54,38.42,69.14,6.00,9.59
0.64,0.01,0.13,0.25,0.00,16.32,1.00,11.06
20.23,20.66,40.79,63.56,34.90,70.25,6.00,11.06
0.49,0.00,0.00,0.00,0.11,17.34,1.00,10.31
20.25,21.86,40.72,61.34,69.99,69.49,5.00,10.31
0.59,0.01,0.00,0.00,0.00,15.67,1.00,8.99
20.08,21.08,42.35,68.54,38.72,68.99,5.00,8.99
0.50,0.01,0.08,0.15,0.00,13.94,1.00,9.96
19.71,23.31,41.71,61.99,65.04,64.62,5.00,9.96
0.25,0.00,0.00,0.00,0.00,16.46,1.00,11.12
20.71,23.09,42.30,63.25,43.64,71.30,4.00,11.12
0.63,0.00,0.00,0.00,0.00,17.31,1.00,9.13
19.92,23.82,43.24,64.99,43.19,69.57,4.00,9.13
0.63,0.00,0.07,0.00,0.00,16.20,1.00,10.52
20.74,22.06,40.34,60.95,44.80,68.74,4.00,10.92
0.75,0.00,0.00,0.00,0.00,13.93,1.00,11.02
20.10,23.56,43.19,65.20,43.88,69.04,4.00,11.02
0.68,0.00,0.00,0.00,0.00,16.41,1.00,11.02
20.58,22.49,42.12,64.23,56.09,70.88,3.00,11.02
0.68,0.00,0.00,0.00,0.00,16.37,1.00,8.72
20.73,24.42,43.71,73.42,31.18,70.21,3.00,8.72
0.13,0.00,0.02,0.05,0.00,14.29,1.00,10.08
20.22,20.30,39.01,59.57,55.34,66.12,3.00,10.08
0.70,0.00,0.00,0.00,0.00,16.53,1.00,9.31
19.88,19.30,37.15,56.97,57.98,67.57,3.00,9.31
0.70,0.17,0.00,0.00,0.00,15.87,1.00,10.44
19.95,23.93,43.67,65.87,86.83,71.01,2.00,10.44
0.60,0.17,0.17,0.17,0.00,16.88,1.00,9.71
19.97,25.34,42.49,61.77,35.16,70.61,6.00,9.71
0.74,0.00,0.00,0.00,0.00,14.98,1.00,9.49
20.51,22.41,40.47,60.41,33.00,64.50,6.00,9.49
0.41,0.17,0.00,0.00,0.10,16.12,1.00,8.89
20.06,23.76,42.33,70.44,19.98,66.32,6.00,8.89
0.44,0.01,0.01,0.01,0.16,16.80,1.00,10.23
19.70,21.22,41.84,64.25,34.77,71.36,6.00,10.23
0.74,0.00,0.09,0.00,0.00,17.24,1.00,9.58
20.59,20.22,40.84,62.86,37.36,69.62,6.00,9.58
0.57,0.00,0.00,0.00,0.00,17.26,1.00,10.16
21.01,24.13,43.51,64.24,37.03,72.13,6.00,10.16
0.68,0.00,0.00,0.00,0.00,16.16,1.00,11.50
20.64,23.05,43.23,66.03,73.19,72.07,5.00,11.50
0.66,0.00,0.00,0.00,0.00,14.45,1.00,9.58
20.00,23.38,42.64,63.75,68.98,65.46,5.00,9.58
0.71,0.00,0.00,0.00,0.04,13.27,1.00,10.77
20.64,20.80,39.76,61.11,67.13,64.97,5.00,10.77
0.62,0.00,0.00,0.00,0.19,16.20,1.00,10.52
19.43,21.58,39.75,60.10,44.06,70.30,4.00,10.52
0.65,0.00,0.00,0.00,0.00,15.34,1.00,9.48
19.78,22.66,42.28,64.40,44.39,67.98,4.00,9.48
0.59,0.00,0.00,0.00,0.00,16.28,1.00,10.47
19.94,21.15,39.42,60.53,42.89,70.80,4.00,10.47
0.63,0.00,0.00,0.00,0.00,17.26,1.00,10.47
19.92,22.28,42.27,64.13,41.99,68.73,4.00,10.47
0.61,0.16,0.00,0.00,0.00,17.22,1.00,8.91
19.87,21.68,42.16,69.42,30.97,71.29,3.00,8.91
0.73,0.00,0.00,0.00,0.00,16.35,1.00,11.09
20.03,23.53,43.34,65.74,56.21,71.78,3.00,11.09
0.66,0.00,0.15,0.00,0.00,16.49,1.00,10.36
19.59,21.04,39.35,59.42,58.99,70.51,3.00,10.36
0.56,0.00,0.00,0.00,0.00,16.29,1.00,10.95
20.64,21.64,41.19,62.59,53.81,67.12,3.00,10.95
0.71,0.00,0.00,0.00,0.00,15.87,1.00,10.95
19.69,23.54,42.42,62.66,82.73,67.79,2.00,10.95
0.44,0.00,0.00,0.00,0.00,13.98,1.00,12.22
20.51,22.13,41.49,63.50,34.14,67.57,6.00,12.22
0.33,0.00,0.00,0.00,0.36,12.93,1.00,10.39
21.35,22.01,43.05,66.66,36.22,69.23,6.00,10.26
0.47,0.00,0.00,0.00,0.00,16.32,1.00,10.26
21.01,19.47,39.17,60.28,34.80,67.01,6.00,10.26
0.57,0.00,0.00,0.00,0.36,16.07,1.00,9.61
19.87,20.47,39.66,60.91,36.34,70.16,6.00,9.52
0.67,0.00,0.01,0.02,0.00,16.55,1.00,9.52
21.08,21.68,38.88,58.52,36.47,70.72,6.00,9.52
0.45,0.01,0.00,0.00,0.00,16.22,1.00,10.16
19.55,19.93,37.35,57.21,34.96,69.14,6.00,10.16
0.54,0.01,0.23,0.17,0.00,16.14,1.00,9.77
19.82,22.28,40.49,60.59,66.81,66.70,5.00,9.77
0.71,0.00,0.00,0.00,0.00,17.02,1.00,9.17
19.67,22.65,40.99,61.90,69.94,71.75,5.00,9.17
0.57,0.13,0.00,0.00,0.00,13.87,1.00,10.80
19.94,21.66,41.35,63.69,69.33,64.38,5.00,10.80
0.70,0.00,0.00,0.00,0.00,14.38,1.00,10.12
21.37,22.77,41.78,62.42,44.77,66.27,4.00,10.12
0.42,0.00,0.09,0.00,0.19,14.83,1.00,9.12
19.82,22.51,40.10,68.74,23.88,66.91,4.00,9.12
0.73,0.00,0.00,0.00,0.20,15.94,1.00,9.12
20.47,24.10,42.69,63.33,44.64,68.86,4.00,9.12
0.73,0.00,0.00,0.00,0.10,17.08,1.00,7.81
20.74,23.54,40.23,69.65,24.45,66.96,4.00,7.81
0.51,0.13,0.00,0.00,0.00,16.29,1.00,10.26
19.82,22.73,40.80,61.30,59.43,68.49,3.00,10.26
0.65,0.13,0.17,0.09,0.17,15.09,1.00,10.89
20.92,21.14,40.42,61.75,58.71,69.85,3.00,10.89
0.66,0.14,0.00,0.00,0.00,15.31,1.00,12.01
19.46,23.28,42.40,63.26,57.16,65.33,3.00,12.01
0.41,0.14,0.14,0.14,0.00,14.85,1.00,9.05
20.72,22.08,43.63,67.20,56.21,72.36,3.00,9.05
0.71,0.15,0.00,0.00,0.00,15.67,1.00,10.38
20.50,21.48,40.77,62.14,87.07,71.55,2.00,10.38
0.72,0.15,0.15,0.15,0.00,14.67,1.00,10.38
20.14,20.39,40.03,62.32,36.17,67.84,6.00,10.38
0.61,0.15,0.00,0.00,0.00,17.48,1.00,9.96
21.36,23.26,43.74,66.07,35.68,73.45,6.00,9.96
0.67,0.15,0.15,0.15,0.00,14.59,1.00,10.83
19.37,23.80,43.55,65.71,35.21,66.01,6.00,10.83
0.58,0.00,0.00,0.00,0.00,15.82,1.00,10.83
20.64,22.72,42.82,65.04,34.53,68.64,6.00,10.83
0.70,0.00,0.00,0.00,0.00,15.95,1.00,9.24
20.23,21.05,40.13,62.07,36.01,67.77,6.00,9.24
0.25,0.00,0.00,0.00,0.00,16.26,1.00,10.63
20.41,21.88,40.49,62.01,36.27,67.93,6.00,10.63
0.72,0.00,0.00,0.00,0.00,16.48,1.00,9.61
20.54,18.38,36.82,57.35,66.19,65.99,5.00,9.61
0.62,0.14,0.00,0.00,0.32,17.37,1.00,9.61
20.36,23.21,41.39,62.01,67.01,69.65,5.00,9.61
0.66,0.14,0.17,0.17,0.00,14.57,1.00,10.07
20.69,20.37,38.95,59.61,67.01,64.96,5.00,10.07
0.60,0.00,0.00,0.00,0.00,14.36,1.00,9.56
20.97,22.42,43.49,66.38,45.81,70.58,4.00,9.50
0.56,0.00,0.00,0.00,0.17,16.52,1.00,9.50
19.68,20.83,37.93,56.81,46.23,66.96,4.00,9.50
0.50,0.00,0.11,0.00,0.00,15.48,1.00,9.50
20.86,21.02,38.41,57.60,44.68,66.32,4.00,9.50
0.54,0.00,0.00,0.00,0.00,15.70,1.00,10.62
19.74,24.62,45.30,68.09,44.30,69.53,4.00,10.62
0.65,0.00,0.00,0.00,0.00,16.34,1.00,9.11
19.91,22.34,39.36,58.49,60.46,64.70,3.00,9.11
0.70,0.00,0.12,0.00,0.00,15.45,1.00,10.58
20.55,22.17,40.03,60.72,56.99,67.78,3.00,10.58
0.63,0.00,0.00,0.00,0.00,16.96,1.00,9.08
21.36,21.78,40.96,62.50,57.99,70.69,3.00,9.08
0.70,0.00,0.00,0.00,0.00,14.00,1.00,9.99
20.92,22.60,42.11,63.71,55.54,65.22,3.00,9.99
0.66,0.16,0.00,-0.02,0.00,14.50,1.00,9.01
20.46,23.62,41.75,62.09,97.76,69.30,2.00,9.01
0.63,0.16,0.16,0.16,0.16,15.60,1.00,10.50
20.67,23.53,44.32,67.92,36.12,70.55,6.00,10.50
0.72,0.00,0.00,0.00,0.17,14.46,1.00,10.11
20.08,22.14,42.60,65.62,36.46,70.57,6.00,10.11
0.42,0.00,0.00,0.00,0.15,16.95,1.00,9.82
20.10,21.24,41.19,63.59,34.66,67.62,6.00,9.82
0.47,0.00,0.00,0.00,0.00,16.02,1.00,8.78
19.29,20.05,38.00,64.63,19.42,64.78,6.00,8.78
0.43,0.00,0.00,0.00,0.00,16.36,1.00,10.85
20.38,23.48,43.53,66.25,32.89,67.95,6.00,10.85
0.49,0.00,0.00,0.00,0.00,16.00,1.00,10.34
20.18,21.68,41.38,63.65,32.89,67.11,6.00,10.34
0.40,0.15,0.00,0.00,0.00,16.76,1.00,9.91
20.33,22.75,42.88,65.51,64.24,71.87,5.00,9.91
0.63,0.00,0.00,0.00,0.00,17.16,1.00,10.43
20.98,23.97,41.54,60.79,66.66,72.32,5.00,10.28
0.71,0.00,0.00,0.00,0.00,15.04,1.00,10.28
20.35,21.73,40.38,61.69,64.73,67.04,5.00,10.28
0.70,0.10,0.00,0.00,0.03,14.27,1.00,9.25
19.43,21.60,40.97,62.23,41.21,64.65,4.00,9.25
0.61,0.10,0.12,0.23,0.00,14.75,1.00,10.19
20.74,18.71,38.88,61.67,45.26,65.12,4.00,10.19
0.67,0.00,0.00,-0.02,0.00,15.38,1.00,11.42
20.05,20.92,40.54,61.63,46.44,69.53,4.00,11.42
0.46,0.00,0.00,0.00,0.14,14.75,1.00,10.50
20.51,20.08,40.13,61.44,43.79,69.70,4.00,10.50
0.42,0.13,0.00,0.00,0.00,16.81,1.00,10.96
20.28,24.60,42.74,63.00,56.13,70.21,3.00,10.96
0.66,0.00,0.00,0.00,0.00,16.49,1.00,10.45
19.48,23.46,42.06,62.48,62.96,68.78,3.00,10.45
0.75,0.00,0.00,0.00,0.00,13.54,1.00,9.97
21.02,20.99,41.38,63.97,57.41,68.18,3.00,9.97
0.23,0.00,0.00,0.00,0.37,16.61,1.00,9.69
20.75,21.08,40.25,61.34,56.23,69.78,3.00,10.07
0.65,0.15,0.02,-0.01,0.00,13.80,1.00,10.07
20.33,21.54,38.00,55.88,95.23,63.56,2.00,10.07
0.50,0.15,0.15,0.15,0.00,17.72,1.00,10.59
21.01,19.88,39.77,61.15,37.06,66.98,6.00,10.59
0.66,0.00,0.00,0.00,0.00,15.19,1.00,10.08
21.07,22.51,40.89,61.60,35.54,70.39,6.00,10.08
0.67,0.00,0.05,0.10,0.00,16.28,1.00,9.65
21.48,21.44,37.72,55.56,35.19,68.79,6.00,9.65
0.75,0.00,0.00,0.00,0.00,17.21,1.00,11.93
21.49,22.71,43.07,65.22,33.10,73.27,6.00,11.93
0.65,0.00,0.00,0.00,0.23,16.89,1.00,9.83
20.53,19.54,38.04,59.19,35.76,68.26,6.00,9.83
0.39,0.13,0.00,0.00,0.11,16.02,1.00,9.32
19.56,21.81,40.27,60.56,35.32,68.08,6.00,9.53
0.06,0.00,0.00,0.00,0.00,17.10,1.00,9.72
20.64,21.28,38.79,57.93,69.91,67.57,5.00,9.72
0.28,0.00,0.00,0.00,0.00,14.98,1.00,9.72
20.18,19.89,39.34,60.92,67.97,68.13,5.00,9.72
0.64,0.00,0.00,0.00,0.00,17.10,1.00,9.45
20.68,23.34,43.11,65.60,68.16,72.37,5.00,9.45
0.21,0.00,0.00,0.00,0.00,15.60,1.00,10.97
19.77,21.94,41.83,63.68,44.09,67.19,4.00,10.97
0.73,0.00,0.00,0.00,0.00,15.36,1.00,8.18
20.47,22.59,42.43,70.31,25.51,66.76,4.00,8.18
0.62,0.00,0.00,0.00,0.00,16.38,1.00,10.23
20.02,22.77,40.84,59.69,44.25,69.66,4.00,10.46
0.57,0.16,0.00,-0.02,0.00,15.34,1.00,10.46
19.98,19.57,39.60,61.33,43.45,65.48,4.00,10.46
0.63,0.15,0.17,0.15,0.00,17.06,1.00,8.93
21.49,22.82,40.80,70.02,31.18,68.35,3.00,8.93
0.65,0.00,0.00,0.00,0.00,14.26,1.00,11.32
20.75,22.59,41.63,62.94,55.00,63.05,3.00,11.32
0.63,0.00,0.00,0.05,0.00,15.71,1.00,11.03
19.54,21.94,41.01,62.94,55.80,66.97,3.00,10.93
0.71,0.00,0.00,0.00,0.42,15.93,1.00,10.93
19.54,22.05,39.31,59.12,59.69,66.55,3.00,10.93
0.73,0.00,0.00,0.00,0.00,15.34,1.00,10.93
21.37,21.07,38.18,56.30,93.30,66.69,2.00,10.93
0.43,0.00,0.00,0.00,0.00,17.09,1.00,10.37
19.90,19.78,39.27,61.24,36.72,70.20,6.00,10.37
0.36,0.16,0.00,0.00,0.00,16.75,1.00,9.86
20.30,23.92,41.58,60.25,34.43,71.05,6.00,9.86
0.55,0.16,0.16,0.16,0.00,16.09,1.00,9.58
19.46,21.91,41.59,63.82,33.15,67.51,6.00,9.58
0.55,0.00,0.00,0.00,0.00,15.91,1.00,9.22
21.31,23.21,42.43,64.09,34.22,70.21,6.00,9.22
0.68,0.00,0.00,0.03,0.00,14.19,1.00,10.09
20.99,22.35,41.31,63.18,33.39,68.66,6.00,10.09
0.59,0.00,0.00,0.00,0.00,16.19,1.00,8.84
20.54,19.49,39.74,67.13,18.04,70.44,6.00,8.84
0.55,0.00,0.00,0.00,0.00,15.45,1.00,9.58
21.30,23.31,42.46,64.41,67.49,68.22,5.00,9.58
0.60,0.00,0.00,0.00,0.00,15.60,1.00,11.04
20.74,22.77,41.60,62.54,67.10,68.86,5.00,11.04
0.70,0.17,0.00,0.00,0.20,15.49,1.00,10.18
20.11,21.97,41.07,60.92,62.09,69.19,5.00,10.18
0.69,0.00,0.00,0.00,0.00,16.53,1.00,10.62
19.95,21.36,43.39,67.01,45.65,72.99,4.00,10.62
0.42,0.15,0.00,0.00,0.00,17.29,1.00,10.21
21.22,22.94,40.79,60.76,40.45,71.04,4.00,10.54
0.66,0.11,0.00,-0.02,0.00,16.56,1.00,10.54
20.20,20.17,40.14,62.46,42.42,69.71,4.00,10.54
0.61,0.11,0.11,0.11,0.00,15.53,1.00,11.22
20.09,19.42,39.78,61.68,42.25,67.44,4.00,11.22
0.52,0.00,0.00,0.00,0.00,16.91,1.00,10.12
21.24,25.41,42.48,61.29,53.61,70.52,3.00,10.12
0.62,0.14,0.11,0.09,0.00,15.52,1.00,9.26
20.58,21.72,41.07,62.56,58.92,71.30,3.00,9.26
0.65,0.14,0.14,0.14,0.00,16.61,1.00,10.51
20.61,24.55,42.79,62.57,56.28,66.49,3.00,10.51
0.68,0.00,0.00,0.00,0.00,16.46,1.00,8.58
21.15,23.50,42.74,71.48,28.16,69.55,3.00,8.58
0.28,0.15,0.00,0.00,0.00,15.11,1.00,10.81
19.53,23.80,44.37,67.19,82.25,66.45,2.00,10.81
0.57,0.15,0.15,0.15,0.00,15.96,1.00,10.01
20.70,21.89,41.86,63.60,36.40,68.43,6.00,10.01
0.60,0.01,0.00,0.00,0.00,16.38,1.00,10.71
20.31,20.37,39.60,60.66,38.42,68.84,6.00,10.71
0.65,0.01,0.13,0.25,0.00,16.76,1.00,9.35
19.35,20.69,40.79,63.00,34.90,67.76,6.00,9.35
0.34,0.00,0.00,0.00,0.11,16.73,1.00,8.06
21.36,21.68,40.72,66.31,19.41,71.68,6.00,8.06
0.58,0.01,0.00,0.00,0.00,16.26,1.00,9.34
21.50,21.21,42.35,65.88,36.36,70.04,6.00,9.34
0.74,0.01,0.08,0.15,0.00,13.92,1.00,9.93
21.06,23.26,41.71,62.97,34.69,66.01,6.00,9.93
0.51,0.00,0.00,0.00,0.00,16.16,1.00,11.97
19.80,23.14,42.30,63.77,65.46,71.07,5.00,11.97
0.68,0.00,0.00,0.00,0.00,16.64,1.00,8.88
20.95,23.74,43.24,72.40,36.04,68.83,5.00,8.88
0.57,0.00,0.07,0.00,0.00,16.06,1.00,9.94
20.52,21.90,40.34,60.61,67.20,68.19,5.00,9.81
0.58,0.00,0.00,0.00,0.00,14.86,1.00,9.81
19.35,23.80,43.19,64.60,43.88,65.68,4.00,9.81
0.60,0.00,0.00,0.00,0.00,17.02,1.00,11.43
21.31,22.49,42.12,63.70,43.14,71.70,4.00,11.43
0.65,0.00,0.00,0.00,0.00,16.39,1.00,9.38
20.41,24.44,43.71,64.86,44.73,69.16,4.00,9.38
0.59,0.00,0.02,0.05,0.00,15.68,1.00,10.09
21.06,20.26,39.01,59.90,42.57,65.43,4.00,10.09
0.60,0.00,0.00,0.00,0.00,16.28,1.00,9.04
21.12,19.39,37.15,57.01,57.98,68.41,3.00,9.04
0.60,0.17,0.00,0.00,0.00,16.38,1.00,9.69
20.56,24.03,43.67,65.83,56.44,70.36,3.00,9.69
0.68,0.17,0.17,0.17,0.00,16.82,1.00,10.98
19.86,25.35,42.49,62.14,57.13,70.44,3.00,10.98
0.37,0.00,0.00,0.00,0.00,15.35,1.00,9.44
19.89,22.41,40.47,60.63,53.62,65.81,3.00,9.44
0.58,0.17,0.00,0.00,0.17,16.31,1.00,9.44
19.73,23.79,42.33,63.42,94.09,66.21,2.00,9.44
0.66,0.01,0.01,0.01,0.00,17.11,1.00,10.58
19.91,21.06,41.84,64.00,34.77,71.00,6.00,10.58
0.49,0.00,0.09,0.00,0.00,15.70,1.00,8.96
19.97,20.30,40.84,68.82,19.95,68.84,6.00,8.96
0.40,0.00,0.00,0.00,0.00,16.86,1.00,10.24
20.00,24.21,43.51,64.60,37.03,72.32,6.00,10.24
0.28,0.00,0.00,0.00,0.00,16.87,1.00,9.14
21.21,22.68,43.23,66.40,39.03,72.73,6.00,9.14
0.57,0.00,0.00,0.00,0.00,13.45,1.00,11.07
19.72,23.42,42.64,63.45,36.79,64.47,6.00,11.07
0.75,0.00,0.00,0.00,0.02,14.73,1.00,9.59
19.51,20.93,39.76,60.96,35.80,63.14,6.00,9.59
0.73,0.00,0.00,0.00,0.10,17.15,1.00,12.13
20.40,21.69,39.75,60.46,66.10,71.36,5.00,12.13
0.64,0.00,0.00,0.00,0.00,14.98,1.00,9.25
21.12,22.50,42.28,64.59,66.59,70.27,5.00,9.24
0.37,0.00,0.00,0.00,0.00,16.51,1.00,9.24
21.08,21.11,39.42,59.35,64.33,70.04,5.00,9.24
0.40,0.00,0.00,0.00,0.00,16.64,1.00,8.90
21.29,22.26,42.27,71.73,21.87,69.03,4.00,8.90
0.64,0.16,0.00,0.00,0.00,16.57,1.00,10.12
20.14,21.67,42.16,64.08,45.58,72.28,4.00,10.12
0.40,0.00,0.00,0.00,0.00,16.49,1.00,11.01
19.74,23.55,43.34,66.06,43.24,71.21,4.00,11.01
0.43,0.00,0.15,0.00,0.00,16.15,1.00,9.83
20.58,20.97,39.35,60.53,45.38,69.86,4.00,9.83
0.59,0.00,0.00,0.00,0.00,16.27,1.00,8.68
20.16,21.62,41.19,66.73,26.80,67.90,3.00,8.68
0.41,0.00,0.00,0.00,0.00,15.99,1.00,9.77
21.37,23.55,42.42,63.79,53.77,70.25,3.00,9.77
0.38,0.00,0.00,0.00,0.00,15.00,1.00,10.30
20.82,22.20,41.49,63.61,55.48,65.41,3.00,10.30
0.70,0.00,0.00,0.00,0.37,13.85,1.00,10.30
19.33,21.99,43.05,66.75,58.90,66.74,3.00,10.30
0.72,0.00,0.00,0.00,0.00,15.18,1.00,10.30
21.47,19.34,39.17,60.73,87.00,69.02,2.00,10.69
0.71,0.00,0.00,0.00,0.30,17.14,1.00,10.69
20.73,20.50,39.66,60.99,36.34,70.49,6.00,10.69
0.64,0.00,0.01,0.02,0.00,16.12,1.00,11.50
21.04,21.89,38.88,58.05,36.47,69.25,6.00,11.50
0.54,0.01,0.00,0.00,0.00,17.24,1.00,10.02
20.38,20.02,37.35,57.15,34.96,69.47,6.00,10.02
0.53,0.01,0.23,0.17,0.00,17.17,1.00,8.68
20.36,22.48,40.49,70.63,18.15,68.07,6.00,8.68
0.75,0.00,0.00,0.00,0.00,17.03,1.00,10.43
20.59,22.71,40.99,61.02,37.30,72.42,6.00,10.43
0.56,0.13,0.00,0.00,0.00,15.82,1.00,9.28
19.91,21.68,41.35,63.29,36.98,65.95,6.00,9.28
0.40,0.00,0.00,0.00,0.00,15.31,1.00,9.02
21.24,22.82,41.78,61.74,67.16,66.90,5.00,9.02
0.40,0.00,0.09,0.00,0.29,14.47,1.00,9.96
20.04,22.41,40.10,60.03,65.40,67.29,5.00,9.96
0.68,0.00,0.00,0.00,0.30,15.09,1.00,9.75
20.65,24.17,42.69,63.56,66.96,66.59,5.00,9.75
0.73,0.00,0.00,0.00,0.15,15.89,1.00,10.60
20.63,23.54,40.23,59.55,48.37,67.95,4.00,10.81
0.67,0.13,0.00,0.00,0.00,16.90,1.00,10.81
19.60,22.68,40.80,61.15,45.72,69.80,4.00,10.81
0.47,0.13,0.17,0.09,0.13,15.56,1.00,9.77
20.06,21.28,40.42,61.24,45.16,67.89,4.00,10.12
0.65,0.14,0.00,0.00,0.00,14.27,1.00,10.22
19.66,23.27,42.40,63.37,43.97,65.67,4.00,10.22
0.68,0.14,0.14,0.14,0.00,15.80,1.00,10.22
20.51,21.81,43.63,67.06,56.21,70.33,3.00,10.22
0.63,0.15,0.00,0.00,0.00,15.94,1.00,11.74
20.18,21.50,40.77,62.51,56.59,69.78,3.00,11.74
0.64,0.15,0.15,0.15,0.00,13.83,1.00,10.93
21.35,20.33,40.03,61.94,58.78,67.16,3.00,10.83
0.72,0.15,0.00,0.00,0.00,15.76,1.00,10.83
20.69,23.28,43.74,66.86,57.98,71.40,3.00,10.83
0.48,0.15,0.15,0.15,0.00,14.91,1.00,8.35
20.39,23.87,43.55,73.27,48.65,67.62,2.00,8.35
0.55,0.00,0.00,0.00,0.00,15.90,1.00,9.44
20.37,22.71,42.82,65.44,34.53,68.32,6.00,9.44
0.35,0.00,0.00,0.00,0.00,16.12,1.00,10.36
20.46,21.07,40.13,62.12,36.01,68.34,6.00,10.36
0.19,0.00,0.00,0.00,0.00,16.85,1.00,9.81
21.00,21.86,40.49,61.71,36.27,67.02,6.00,9.81
0.61,0.00,0.00,0.00,0.00,17.17,1.00,9.50
19.69,18.42,36.82,57.74,35.30,67.82,6.00,9.50
0.65,0.14,0.00,0.00,0.17,16.54,1.00,8.46
20.59,23.28,41.39,71.01,18.44,70.61,6.00,8.46
0.68,0.14,0.17,0.17,0.00,15.27,1.00,9.78
20.03,20.31,38.95,59.53,35.74,63.73,6.00,9.78
0.56,0.00,0.00,0.00,0.00,14.38,1.00,11.26
20.10,22.32,43.49,66.32,68.72,69.81,5.00,11.26
0.42,0.00,0.00,0.00,0.26,16.60,1.00,9.18
20.62,20.80,37.93,57.07,69.35,68.66,5.00,9.48
0.73,0.00,0.11,0.00,0.00,15.72,1.00,9.48
20.46,21.06,38.41,58.05,67.03,67.38,5.00,9.48
0.73,0.00,0.00,0.00,0.00,15.92,1.00,10.74
20.94,24.76,45.30,67.71,44.30,71.08,4.00,10.98
0.60,0.00,0.00,0.00,0.00,14.73,1.00,10.98
20.15,22.30,39.36,58.27,46.51,64.38,4.00,10.98
0.61,0.00,0.12,0.00,0.00,15.82,1.00,10.17
20.08,22.14,40.03,59.81,43.84,67.24,4.00,10.09
0.64,0.00,0.00,0.00,0.00,16.02,1.00,10.09
19.83,21.79,40.96,62.46,44.60,69.38,4.00,10.09
-0.16,0.00,0.00,0.00,0.00,13.69,1.00,10.97
20.74,22.54,42.11,63.93,55.54,65.77,3.00,10.97
0.19,0.16,0.00,-0.02,0.00,15.13,1.00,9.64
19.94,23.59,41.75,61.46,63.54,69.23,3.00,9.64
0.18,0.16,0.16,0.16,0.10,14.99,1.00,10.18
21.42,23.63,44.32,67.35,58.70,71.23,3.00,10.18
0.63,0.00,0.00,0.00,0.00,15.11,1.00,9.62
20.93,22.09,42.60,65.21,59.24,71.43,3.00,9.62
0.54,0.00,0.00,0.00,0.24,16.26,1.00,11.41
20.62,21.27,41.19,63.57,86.66,66.96,2.00,11.41
0.70,0.00,0.00,0.00,0.00,15.59,1.00,10.72
20.00,19.82,38.00,58.01,36.10,66.17,6.00,10.72
0.67,0.00,0.00,0.00,0.00,15.50,1.00,9.20
20.78,23.42,43.53,65.41,32.89,69.92,6.00,9.20
0.72,0.00,0.00,0.00,0.00,15.03,1.00,9.78
20.40,21.60,41.38,63.08,32.89,67.18,6.00,9.78
0.66,0.15,0.00,0.00,0.00,16.90,1.00,10.29
20.32,22.80,42.88,65.22,34.26,70.31,6.00,10.29
0.61,0.00,0.00,0.00,0.15,16.10,1.00,8.77
21.17,23.71,41.54,69.31,17.39,70.53,6.00,8.77
0.69,0.00,0.00,0.00,0.00,15.62,1.00,11.39
20.45,21.75,40.38,61.49,34.52,66.01,6.00,11.39
0.61,0.10,0.00,0.00,0.02,14.67,1.00,10.12
20.57,21.82,40.97,62.33,61.81,67.05,5.00,10.12
0.53,0.10,0.12,0.23,0.00,13.98,1.00,8.66
20.50,18.73,38.88,66.14,37.76,65.01,5.00,8.66
0.56,0.00,0.00,-0.02,0.00,14.31,1.00,10.21
19.26,20.90,40.54,62.05,69.66,68.26,5.00,10.21
0.20,0.00,0.00,0.00,0.00,14.72,1.00,7.90
21.43,20.05,40.13,68.63,22.80,69.72,4.00,7.90
0.44,0.13,0.00,0.00,0.00,15.74,1.00,8.91
19.39,24.66,42.74,71.63,22.57,71.06,4.00,8.91
0.66,0.00,0.00,0.00,0.00,15.41,1.00,9.73
20.18,23.47,42.06,62.22,48.43,69.99,4.00,9.73
0.27,0.00,0.00,0.00,0.00,15.30,1.00,8.80
20.49,21.05,41.38,70.69,23.88,67.29,4.00,8.80
0.41,0.00,0.00,0.00,0.29,17.08,1.00,10.65
19.76,20.95,40.25,61.93,56.23,68.22,3.00,10.65
0.59,0.15,0.02,-0.01,0.00,13.26,1.00,9.27
19.92,21.51,38.00,57.13,61.90,63.22,3.00,9.27
0.67,0.15,0.15,0.15,0.00,17.29,1.00,10.12
20.74,20.02,39.77,61.52,60.22,68.77,3.00,10.12
0.65,0.00,0.00,0.00,0.00,15.49,1.00,10.12
20.66,22.45,40.89,61.27,57.76,68.86,3.00,10.12
0.41,0.00,0.05,0.10,0.00,16.31,1.00,10.81
19.26,21.40,37.72,56.11,87.97,67.45,2.00,10.81
0.67,0.00,0.00,0.00,0.00,16.53,1.00,10.52
20.95,22.81,43.07,65.82,33.10,71.68,6.00,10.52
0.54,0.00,0.00,0.00,0.23,15.19,1.00,8.73
19.87,19.61,38.04,66.55,18.99,67.65,6.00,8.73
0.67,0.13,0.00,0.00,0.11,16.84,1.00,10.26
20.67,21.83,40.27,60.54,35.32,68.08,6.00,10.26
0.35,0.00,0.00,0.00,0.00,17.29,1.00,10.74
21.19,21.26,38.79,57.90,37.28,68.06,6.00,10.74
0.47,0.00,0.00,0.00,0.00,15.17,1.00,9.65
20.25,19.78,39.34,60.60,36.25,68.50,6.00,10.00
0.67,0.00,0.00,0.00,0.00,15.81,1.00,10.00
20.59,23.34,43.11,64.34,36.35,71.57,6.00,10.00
0.69,0.00,0.00,0.00,0.12,15.85,1.00,10.93
19.67,22.06,41.83,63.69,66.14,67.05,5.00,10.93
0.49,0.00,0.00,0.00,0.00,15.22,1.00,8.66
19.73,22.60,42.43,70.36,38.26,67.04,5.00,8.66
0.31,0.00,0.00,0.00,0.00,15.44,1.00,9.32
20.34,22.88,40.84,61.49,66.38,68.24,5.00,9.32
0.49,0.16,0.00,-0.02,0.00,15.12,1.00,9.32
20.72,19.64,39.60,61.77,43.45,65.96,4.00,9.32
0.70,0.15,0.17,0.15,0.00,16.86,1.00,10.20
20.48,22.84,40.80,61.07,44.58,67.97,4.00,10.20
0.73,0.00,0.00,0.00,0.00,14.53,1.00,11.03
21.19,22.61,41.63,62.33,42.31,65.48,4.00,11.03
0.68,0.00,0.00,0.05,0.00,15.33,1.00,9.92
20.27,21.97,41.01,62.74,42.92,69.19,4.00,9.92
0.54,0.00,0.00,0.00,0.20,15.22,1.00,10.49
20.57,22.11,39.31,59.01,59.69,65.46,3.00,10.74
0.67,0.00,0.00,0.00,0.00,15.62,1.00,10.74
20.46,21.15,38.18,56.36,60.65,66.88,3.00,10.74
0.39,0.00,0.00,0.00,0.00,17.04,1.00,10.20
20.55,19.70,39.27,60.84,59.68,71.02,3.00,10.18
0.61,0.16,0.00,0.00,0.00,16.97,1.00,10.18
21.04,23.78,41.58,61.12,55.94,70.07,3.00,10.18
0.62,0.16,0.16,0.16,0.00,17.05,1.00,9.36
20.46,21.87,41.59,63.68,82.87,67.07,2.00,9.36
0.21,0.00,0.00,0.00,0.00,14.98,1.00,10.73
19.39,23.28,42.43,63.34,34.22,68.28,6.00,10.99
0.52,0.00,0.00,0.03,0.00,14.21,1.00,10.99
21.09,22.34,41.31,62.68,33.39,69.48,6.00,10.99
0.47,0.00,0.00,0.00,0.00,15.62,1.00,9.51
19.92,19.41,39.74,62.76,35.28,70.98,6.00,9.51
0.23,0.00,0.00,0.00,0.00,15.06,1.00,10.55
20.49,23.21,42.46,64.01,36.00,67.30,6.00,10.55
0.67,0.00,0.00,0.00,0.00,15.63,1.00,9.28
20.20,22.80,41.60,62.23,35.79,69.45,6.00,9.28
0.63,0.17,0.00,0.00,0.11,15.22,1.00,10.91
20.58,22.35,41.07,61.27,33.11,69.83,6.00,10.88
0.37,0.00,0.00,0.00,0.13,17.13,1.00,10.88
20.76,21.36,43.39,67.48,68.48,73.29,5.00,10.88
0.59,0.15,0.00,0.00,0.00,16.78,1.00,9.13
20.18,22.94,40.79,60.85,60.68,70.04,5.00,8.94
0.42,0.11,0.00,-0.02,0.00,16.03,1.00,8.94
20.46,20.18,40.14,65.89,33.82,68.79,5.00,8.94
0.48,0.11,0.11,0.11,0.00,15.90,1.00,10.92
21.14,19.52,39.78,62.04,42.25,68.62,4.00,10.92
0.41,0.00,0.00,0.00,0.00,16.66,1.00,8.38
21.50,25.30,42.48,70.04,21.97,70.04,4.00,8.38
0.73,0.14,0.11,0.09,0.00,16.61,1.00,10.06
19.90,21.74,41.07,63.16,45.33,69.22,4.00,10.06
0.06,0.14,0.14,0.14,0.00,15.80,1.00,9.13
20.82,24.59,42.79,72.55,22.05,67.29,4.00,9.13
0.65,0.00,0.00,0.00,0.16,16.13,1.00,9.13
20.34,23.77,42.74,64.56,58.14,69.13,3.00,9.13
0.68,0.15,0.00,0.00,0.00,15.30,1.00,9.55
20.09,23.70,44.37,67.26,53.46,68.89,3.00,9.55
0.46,0.15,0.15,0.15,0.00,15.97,1.00,10.34
19.86,21.92,41.86,64.26,59.15,66.56,3.00,10.34
0.58,0.01,0.00,0.00,0.00,16.50,1.00,10.34
19.69,20.34,39.60,60.75,62.44,67.89,3.00,10.34
0.49,0.01,0.13,0.25,0.00,16.67,1.00,8.69
20.04,20.69,40.79,67.93,47.63,69.43,2.00,8.69
0.01,0.00,0.00,0.00,0.28,16.80,1.00,10.24
20.00,21.82,40.72,61.69,37.33,69.77,6.00,10.24
0.64,0.01,0.00,0.00,0.00,15.82,1.00,9.07
21.05,21.21,42.35,66.19,36.36,69.54,6.00,9.07
0.62,0.01,0.08,0.15,0.00,14.78,1.00,11.20
20.67,23.34,41.71,61.86,34.69,67.25,6.00,11.20
0.61,0.00,0.00,0.00,0.00,16.35,1.00,10.13
20.60,23.13,42.30,63.44,34.91,72.50,6.00,10.13
0.65,0.00,0.00,0.00,0.00,17.58,1.00,10.13
19.87,23.86,43.24,64.85,34.55,68.22,6.00,10.13
0.68,0.00,0.07,0.00,0.00,17.23,1.00,8.78
19.88,22.05,40.34,68.80,18.31,68.65,6.00,8.78
0.41,0.00,0.00,0.00,0.00,14.64,1.00,10.17
20.25,23.84,43.19,64.96,65.82,68.47,5.00,10.45
0.58,0.00,0.00,0.00,0.00,16.79,1.00,10.45
20.26,22.44,42.12,63.41,64.71,70.52,5.00,10.45
0.42,0.00,0.00,0.00,0.00,16.34,1.00,9.06
20.58,24.31,43.71,65.48,67.09,68.17,5.00,9.06
0.51,0.00,0.02,0.05,0.00,15.33,1.00,9.95
20.61,20.12,39.01,59.22,42.57,65.08,4.00,9.95
0.36,0.00,0.00,0.00,0.00,16.34,1.00,11.02
20.26,19.39,37.15,56.96,44.60,68.90,4.00,10.91
0.36,0.17,0.00,0.00,0.00,16.25,1.00,10.91
19.60,24.04,43.67,65.65,43.42,68.73,4.00,10.91
0.63,0.17,0.17,0.17,0.00,16.22,1.00,9.96
19.84,25.44,42.49,61.39,43.95,70.45,4.00,9.96
0.20,0.00,0.00,0.00,0.00,15.52,1.00,11.64
20.22,22.37,40.47,61.08,53.62,65.84,3.00,11.64
0.73,0.17,0.00,0.00,0.17,17.25,1.00,10.87
21.05,23.83,42.33,62.61,61.16,68.21,3.00,10.87
0.44,0.01,0.01,0.01,0.00,16.74,1.00,10.17
20.65,21.24,41.84,65.14,56.49,71.46,3.00,10.17
0.60,0.00,0.09,0.00,0.00,15.89,1.00,10.81
20.19,20.32,40.84,63.17,60.72,68.98,3.00,10.81
0.38,0.00,0.00,0.00,0.00,17.08,1.00,9.17
21.18,24.19,43.51,64.39,92.58,72.12,2.00,9.17
0.67,0.00,0.00,0.00,0.00,17.60,1.00,11.41
19.85,23.00,43.23,66.12,39.03,70.91,6.00,11.41
0.47,0.00,0.00,0.00,0.00,14.76,1.00,10.61
20.43,23.39,42.64,63.74,36.79,65.29,6.00,10.56
0.74,0.00,0.00,0.00,0.02,13.70,1.00,10.56
19.46,20.92,39.76,60.44,35.80,62.82,6.00,10.56
0.03,0.00,0.00,0.00,0.10,16.36,1.00,11.00
19.68,21.64,39.75,60.68,35.25,69.27,6.00,11.00
0.55,0.00,0.00,0.00,0.00,16.39,1.00,10.70
20.32,22.65,42.28,63.79,35.51,68.99,6.00,10.70
0.67,0.00,0.00,0.00,0.00,15.86,1.00,10.16
21.37,21.11,39.42,59.09,34.31,70.90,6.00,10.16
0.70,0.00,0.00,0.00,0.00,16.12,1.00,11.17
20.26,22.13,42.27,63.56,62.98,68.42,5.00,11.17
-0.04,0.16,0.00,0.00,0.00,16.59,1.00,10.02
20.55,21.63,42.16,64.30,68.37,71.03,5.00,10.02
0.02,0.00,0.00,0.00,0.00,15.09,1.00,11.48
19.94,23.56,43.34,65.16,64.86,70.13,5.00,11.48
0.41,0.00,0.15,0.00,0.00,16.50,1.00,10.29
21.16,21.00,39.35,60.22,45.38,71.47,4.00,10.29
0.36,0.00,0.00,0.00,0.00,15.84,1.00,11.00
20.66,21.61,41.19,62.58,41.40,67.75,4.00,10.98
0.65,0.00,0.00,0.00,0.00,15.62,1.00,10.98
19.58,23.54,42.42,64.20,41.36,68.48,4.00,10.98
0.55,0.00,0.00,0.00,0.00,14.51,1.00,9.36
20.27,22.15,41.49,62.61,42.67,66.69,4.00,9.36
0.15,0.00,0.00,0.00,0.28,12.91,1.00,9.96
20.39,22.01,43.05,66.40,58.90,67.99,3.00,9.96
0.74,0.00,0.00,0.00,0.00,16.23,1.00,10.54
21.23,19.40,39.17,60.19,56.55,69.75,3.00,10.54
0.53,0.00,0.00,0.00,0.40,16.51,1.00,9.74
19.76,20.45,39.66,61.35,59.05,70.55,3.00,9.74
0.56,0.00,0.01,0.02,0.00,16.63,1.00,10.71
20.06,21.85,38.88,58.42,59.26,70.10,3.00,10.71
0.70,0.01,0.00,0.00,0.00,16.52,1.00,10.15
20.45,19.95,37.35,56.24,87.41,69.18,2.00,10.15
0.74,0.01,0.23,0.17,0.00,16.36,1.00,9.40
20.52,22.44,40.49,60.86,35.63,67.19,6.00,9.40
0.62,0.00,0.00,0.00,0.00,16.52,1.00,8.55
20.82,22.41,40.99,71.06,19.49,72.04,6.00,8.55
0.29,0.13,0.00,0.00,0.00,15.12,1.00,10.05
19.65,21.73,41.35,63.92,36.98,64.79,6.00,10.05
0.64,0.00,0.00,0.00,0.00,14.33,1.00,9.56
20.60,22.84,41.78,62.38,35.82,66.90,6.00,9.56
0.60,0.00,0.09,0.00,0.15,13.98,1.00,10.63
20.05,22.51,40.10,60.44,34.88,67.28,6.00,10.63
0.72,0.00,0.00,0.00,0.16,16.20,1.00,9.49
20.34,24.14,42.69,63.54,35.71,68.59,6.00,9.49
0.65,0.00,0.00,0.00,0.08,16.41,1.00,10.85
21.47,23.39,40.23,59.35,72.55,68.93,5.00,10.85
0.60,0.13,0.00,0.00,0.00,17.19,1.00,10.85
20.63,22.62,40.80,61.30,68.58,70.84,5.00,10.85
0.59,0.13,0.17,0.09,0.20,15.99,1.00,9.39
20.32,21.21,40.42,61.22,67.74,69.42,5.00,9.39
0.55,0.14,0.00,0.00,0.00,16.17,1.00,10.02
20.82,23.18,42.40,63.80,43.97,65.16,4.00,10.02
0.60,0.14,0.14,0.14,0.00,15.58,1.00,11.27
19.59,21.88,43.63,67.72,43.24,69.51,4.00,11.27
0.01,0.15,0.00,0.00,0.00,14.84,1.00,9.00
20.83,21.45,40.77,69.55,24.73,70.51,4.00,9.00
0.60,0.15,0.15,0.15,0.00,14.62,1.00,9.78
21.05,20.40,40.03,61.94,45.21,68.11,4.00,9.78
0.35,0.15,0.00,0.00,0.00,17.05,1.00,10.92
20.69,23.28,43.74,65.49,57.98,73.42,3.00,10.92
0.12,0.15,0.15,0.15,0.00,13.94,1.00,8.39
20.68,23.83,43.55,73.55,31.62,67.56,3.00,8.39
0.44,0.00,0.00,0.00,0.00,15.28,1.00,10.58
20.21,22.57,42.82,65.09,56.12,68.02,3.00,10.58
0.54,0.00,0.00,0.00,0.00,16.71,1.00,9.70
19.73,20.89,40.13,61.63,58.51,68.47,3.00,9.70
0.29,0.00,0.00,0.00,0.00,16.79,1.00,11.01
20.51,21.86,40.49,61.78,90.69,68.53,2.00,11.01
0.36,0.00,0.00,0.00,0.00,16.05,1.00,11.73
19.79,18.46,36.82,57.57,35.30,67.99,6.00,11.73
0.51,0.14,0.00,0.00,0.17,16.99,1.00,9.72
19.59,23.29,41.39,62.19,35.74,69.18,6.00,9.96
0.61,0.14,0.17,0.17,0.00,14.94,1.00,9.96
20.51,20.36,38.95,60.05,35.74,64.78,6.00,9.96
0.67,0.00,0.00,0.00,0.00,15.74,1.00,9.08
20.10,22.48,43.49,65.91,36.65,69.55,6.00,9.08
0.63,0.00,0.00,0.00,0.14,16.85,1.00,10.33
20.16,20.83,37.93,56.39,36.99,68.19,6.00,10.33
0.67,0.00,0.11,0.00,0.00,16.32,1.00,10.27
19.95,21.10,38.41,57.57,35.75,65.89,6.00,10.27
0.74,0.00,0.00,0.00,0.00,14.84,1.00,10.27
20.53,24.70,45.30,68.74,66.36,71.75,5.00,10.27
0.64,0.00,0.00,0.00,0.00,15.85,1.00,10.27
20.86,22.22,39.36,58.99,69.76,65.59,5.00,10.27
0.61,0.00,0.12,0.00,0.00,16.02,1.00,11.82
20.75,22.13,40.03,60.47,65.75,68.11,5.00,11.82
0.52,0.00,0.00,0.00,0.00,17.13,1.00,10.23
20.51,21.75,40.96,62.40,44.60,69.59,4.00,10.23
0.71,0.00,0.00,0.00,0.00,13.55,1.00,10.72
19.82,22.65,42.11,63.88,42.72,64.73,4.00,10.72
0.60,0.16,0.00,-0.02,0.00,15.16,1.00,9.70
19.38,23.81,41.75,62.18,48.88,68.77,4.00,9.97
0.57,0.16,0.16,0.16,0.08,15.83,1.00,9.97
20.52,23.59,44.32,67.96,45.15,71.03,4.00,9.97
0.65,0.00,0.00,0.00,0.00,14.44,1.00,8.14
20.32,22.17,42.60,71.84,31.25,70.06,3.00,8.14
0.74,0.00,0.00,0.00,0.24,15.17,1.00,10.46
19.96,21.10,41.19,64.09,56.33,65.66,3.00,10.46
0.41,0.00,0.00,0.00,0.00,16.61,1.00,8.49
20.51,20.07,38.00,64.52,31.56,66.76,3.00,8.49
0.42,0.00,0.00,0.00,0.00,16.80,1.00,10.64
19.48,23.33,43.53,65.35,53.45,68.18,3.00,10.64
0.72,0.00,0.00,0.00,0.00,16.59,1.00,9.58
21.26,21.71,41.38,63.81,82.22,67.92,2.00,9.58
0.64,0.15,0.00,0.00,0.00,16.13,1.00,9.13
20.56,22.73,42.88,65.62,34.26,71.73,6.00,9.43
0.21,0.00,0.00,0.00,0.15,16.49,1.00,9.43
19.84,23.96,41.54,61.42,35.55,73.02,6.00,9.73
0.73,0.00,0.00,0.00,0.00,15.36,1.00,9.73
21.27,21.74,40.38,60.43,34.52,65.02,6.00,10.08
0.28,0.10,0.00,0.00,0.02,14.79,1.00,10.08
19.98,21.73,40.97,62.54,32.96,67.31,6.00,10.08
0.47,0.10,0.12,0.23,0.00,13.72,1.00,10.65
19.60,18.72,38.88,60.61,36.21,63.20,6.00,10.65
0.69,0.00,0.00,-0.02,0.00,16.03,1.00,9.92
20.82,20.94,40.54,62.17,37.15,67.23,6.00,9.92
0.11,0.00,0.00,0.00,0.11,15.10,1.00,10.55
19.52,20.03,40.13,61.98,65.68,68.25,5.00,10.55
